Status,Reviewer,Track,Type,Paper / declaration,arXiv / module,Ref / file,Slogan,LaTeX / Lean,Type,Paper / declaration,arXiv / module,Ref / file,Slogan,LaTeX / Lean,Full sources,Relation,Confidence,Inexact type,Notes,Judgment process,Slogan issue?,Source issue?,Minutes,Pair ID,Assignment,Content hash,Context path
not started,Formal expert,Formal / informal,Formal,ProbabilityTheory.ent_of_cond_indep,PFR.ForMathlib.Entropy.Basic,PFR/ForMathlib/Entropy/Basic.lean,"If X and Y are conditionally independent given Z, then the joint entropy of X, Y, and Z equals the sum of the joint entropy of X and Z and the joint entropy of Y and Z, minus the entropy of Z.","ProbabilityTheory.ent_of_cond_indep.{u_1, u_2, u_3, u_4} {Ω : Type u_1} {S : Type u_2} {T : Type u_3} {U : Type u_4}
  [mΩ : MeasurableSpace Ω] [MeasurableSpace S] [MeasurableSpace U] {X : Ω → S} {Y : Ω → T} {Z : Ω → U}
  (μ : MeasureTheory.Measure Ω) [MeasurableSpace T] [MeasurableSingletonClass S] [MeasurableSingletonClass T]
  [Countable U] [MeasurableSingletonClass U] [Countable S] [Countable T] (hX : Measurable X) (hY : Measurable Y)
  (hZ : Measurable Z) (h : ProbabilityTheory.CondIndepFun X Y Z μ) [MeasureTheory.IsZeroOrProbabilityMeasure μ]
  [FiniteRange X] [FiniteRange Y] [FiniteRange Z] : H[⟨X, ⟨Y, Z⟩⟩; μ] = H[⟨X, Z⟩; μ] + H[⟨Y, Z⟩; μ] - H[Z; μ]",Informal,RLMEval: Evaluating Research-Level Neural Theorem Proving,2510.25427,,"If X and Y are conditionally independent given Z, then the joint entropy of X, Y, and Z equals the sum of the joint entropy of X and Z and the joint entropy of Y and Z, minus the entropy of Z.","If `X, Y` are conditionally independent over `Z`, then `H[X, Y, Z] = H[X, Z] + H[Y, Z] - H[Z]`.",Open,,,,,,,,,draft1-fi-001,primary,49af3d140b206d5bf2f3d04ee1a64befdade7124e6ba4ce1f35e397c877391ef,/p/dd404c39e7659c6157fcff6e.html
not started,Formal expert,Formal / informal,Formal,ProbabilityTheory.mutual_comp_le,PFR.ForMathlib.Entropy.Basic,PFR/ForMathlib/Entropy/Basic.lean,"If X and Y are random variables and f is any function, then the mutual information between f(X) and Y is less than or equal to the mutual information between X and Y. This means that processing X through a function cannot increase how much information it shares with Y.","ProbabilityTheory.mutual_comp_le.{uΩ, uS, uT, uU} {Ω : Type uΩ} {S : Type uS} {T : Type uT} {U : Type uU}
  [mΩ : MeasurableSpace Ω] [MeasurableSpace S] [MeasurableSpace T] [MeasurableSpace U] [Countable S] [Countable T]
  [MeasurableSingletonClass S] [MeasurableSingletonClass T] [MeasurableSingletonClass U] {X : Ω → S} {Y : Ω → T}
  [Countable U] (μ : MeasureTheory.Measure Ω) [MeasureTheory.IsProbabilityMeasure μ] (hX : Measurable X)
  (hY : Measurable Y) (f : S → U) [FiniteRange X] [FiniteRange Y] : I[f ∘ X : Y ; μ] ≤ I[X : Y ; μ]",Informal,Double variational principle for mean dimensions with sub-additive potentials,2011.02925,2.1,"If X and Y are random variables and f is a function applied to Y, then the mutual information between X and f(Y) is less than or equal to the mutual information between X and Y. This means processing Y cannot increase the information that Y provides about X.",Let $X$ and $Y$ be random variables taking values in measurable spaces $ \mathcal{X}$ and $\mathcal{Y}$ respectively. If $f:\mathcal{Y} \rightarrow \mathcal{Z} $ is a measurable map then $I(X; f(Y)) \leq I(X; Y)$.,Open,,,,,,,,,draft1-fi-002,primary,e231db7e2c7c5947bc69b483e6cffbcdd64a63f7b21ea172a80dcd8c9bd7a02c,/p/9803f875e7f706898a18db72.html
not started,Informal reviewer,Formal / informal,Informal,The Polynomial Freiman-Ruzsa Conjecture,teorth/pfr,10.3,"If a finite set A in an abelian group has high additive energy relative to its size, then there exists a large subset A' of A such that the difference set A'−A' is small in size compared to A, with explicit bounds depending on the energy parameter K.","\uses{energy-def} Let $G$ be an abelian group, and let $A$ be a finite non-empty set with $E(A) \geq |A|^3 / K$ for some $K \geq 1$. Then there is a subset $A'$ of $A$ with $|A'| \geq |A| / (C_1 K^{C_2})$ and $|A'-A'| \leq C_3 K^{C_4} |A|$, where (provisionally) $$C_1 = 2^4, C_2 = 1, C_3 = 2^{10}, C_4 = 5.$$",Formal,BSG_self',AddCombi.BSG,AddCombi/BSG.lean,"If a finite set A in an abelian group has high additive energy relative to its size, then A contains a large subset A' such that the set of differences A' - A' is not much larger than A' itself. The size of A' and the bound on its difference set are controlled by explicit constants depending on the energy parameter K.","BSG_self'.{u_1} {G : Type u_1} [AddCommGroup G] [Fintype G] [DecidableEq G] {A : Finset G} {K : ℝ} (hK : 0 ≤ K)
  (hA : A.Nonempty) (hAK : K⁻¹ * ↑A.dens ^ 3 ≤ ↑(A.addEnergy' A)) :
  ∃ A' ⊆ A, (2 ^ 4)⁻¹ * K⁻¹ * ↑A.dens ≤ ↑A'.dens ∧ ↑(A' - A').dens ≤ 2 ^ 14 * K ^ 6 * ↑A'.dens",Open,,,,,,,,,draft1-fi-003,primary,93b841b4c25d7efd2f6ea9b402d6d05603bb03d12bac13012dddd4c0aaa6413d,/p/394ca0f217004114f454aa10.html
not started,Informal reviewer,Formal / informal,Informal,The Polynomial Freiman-Ruzsa Conjecture,teorth/pfr,2.17,"The mutual information between two random variables X and Y is always greater than or equal to zero. This means that knowing one variable never reduces the expected information about the other. Mutual information being nonnegative reflects that it measures shared information, which cannot be negative.",We have $\mathbb{I}[X:Y] \geq 0$.,Formal,ProbabilityTheory.measureMutualInfo_nonneg,PFR.ForMathlib.Entropy.Measure,PFR/ForMathlib/Entropy/Measure.lean,"The mutual information between two random variables is always greater than or equal to zero. This means that the amount of shared information between the variables cannot be negative, reflecting that knowing one variable never increases uncertainty about the other.","ProbabilityTheory.measureMutualInfo_nonneg.{u_2, u_4} {S : Type u_2} {U : Type u_4} [MeasurableSpace S]
  [MeasurableSpace U] [MeasurableSingletonClass S] [MeasurableSingletonClass U] {μ : MeasureTheory.Measure (S × U)}
  [ProbabilityTheory.FiniteSupport μ] : 0 ≤ Im[μ]",Open,,,,,,,,,draft1-fi-004,primary,6723181cfeae8170fc759a36ed8f93e2ea27cd7589c16c3d7ce9d0ef2cbd56f9,/p/164b9815851565f54abb71bd.html
not started,Formal expert,Formal / informal,Formal,ProbabilityTheory.mutual_comp_le,PFR.ForMathlib.Entropy.Basic,PFR/ForMathlib/Entropy/Basic.lean,"If X and Y are random variables and f is any function, then the mutual information between f(X) and Y is less than or equal to the mutual information between X and Y. This means that processing X through a function cannot increase how much information it shares with Y.","ProbabilityTheory.mutual_comp_le.{uΩ, uS, uT, uU} {Ω : Type uΩ} {S : Type uS} {T : Type uT} {U : Type uU}
  [mΩ : MeasurableSpace Ω] [MeasurableSpace S] [MeasurableSpace T] [MeasurableSpace U] [Countable S] [Countable T]
  [MeasurableSingletonClass S] [MeasurableSingletonClass T] [MeasurableSingletonClass U] {X : Ω → S} {Y : Ω → T}
  [Countable U] (μ : MeasureTheory.Measure Ω) [MeasureTheory.IsProbabilityMeasure μ] (hX : Measurable X)
  (hY : Measurable Y) (f : S → U) [FiniteRange X] [FiniteRange Y] : I[f ∘ X : Y ; μ] ≤ I[X : Y ; μ]",Informal,Double variational principle for mean dimension with potential,1901.05628,2.2,"If X and Y are random variables and f is a measurable function, then the mutual information between X and f(Y) is less than or equal to the mutual information between X and Y. This means processing Y cannot increase the information that Y provides about X.",Let $X$ and $Y$ be random variables taking values in measurable spaces $\mathcal{X}$ and $\mathcal{Y}$ respectively. If $f:\mathcal{Y}\to \mathcal{Z}$ is a measurable map then $I(X; f(Y)) \leq I(X;Y)$.,Open,,,,,,,,,draft1-fi-005,primary,d8b7646ca2bd175718277549d441b9c6c7a09b66464238ac566d59720db75396,/p/ede58d75aecbeb59b1a53a4a.html
not started,Informal reviewer,Formal / informal,Informal,The Polynomial Freiman-Ruzsa Conjecture,teorth/pfr,2.6,The entropy of a random variable that takes values in a set S is equal to the logarithm of the size of S if and only if the variable is uniformly distributed over S.,"\uses{entropy-def} If $X$ is $S$-valued random variable, then $\mathbb{H}[X] = \log |S|$ if and only if $X$ is uniformly distributed on $S$.",Formal,ProbabilityTheory.entropy_eq_log_card,PFR.ForMathlib.Entropy.Basic,PFR/ForMathlib/Entropy/Basic.lean,"The entropy of a random variable X that takes values in a finite set S equals the logarithm of the size of S if and only if X is uniformly distributed, meaning each value in S has an equal probability of occurring.","ProbabilityTheory.entropy_eq_log_card.{u_1, u_2} {Ω : Type u_1} {S : Type u_2} [mΩ : MeasurableSpace Ω]
  [MeasurableSpace S] {X : Ω → S} [Fintype S] [MeasurableSingletonClass S] (hX : Measurable X)
  (μ : MeasureTheory.Measure Ω) [hμ : NeZero μ] [MeasureTheory.IsFiniteMeasure μ] :
  H[X; μ] = Real.log ↑(Fintype.card S) ↔ ∀ (s : S), (MeasureTheory.Measure.map X μ) {s} = μ Set.univ / ↑(Fintype.card S)",Open,,,,,,,,,draft1-fi-006,primary,a90b75438f855f3631fa0b1b9cf1949b499315d17ec6b43d585b9f0f3fe4e86b,/p/889406a3140184b75fe62dc9.html
not started,Formal expert,Formal / informal,Formal,FltRegular.caseI,FltRegular.CaseI.Statement,FltRegular/CaseI/Statement.lean,"If p is a regular prime number and does not divide the product of integers a, b, and c, then a^p + b^p cannot equal c^p.","FltRegular.caseI {a b c : ℤ} {p : ℕ} [Fact (Nat.Prime p)] (hreg : IsRegularPrime p) (caseI : ¬↑p ∣ a * b * c) :
  a ^ p + b ^ p ≠ c ^ p",Informal,A complete formalization of Fermat's Last Theorem for regular primes in Lean,2410.01466,3.1,"If a, b, and c are integers and p is a regular prime that does not divide the product a times b times c, then a to the power p plus b to the power p cannot equal c to the power p.","Let $a,b,c \in \mathbb{Z}$ and $p$ a regular prime. If $p$ does not divide $a b c$, then $a^p+b^p \ne c^p$.",Open,,,,,,,,,draft1-fi-007,primary,2b15d5dd701cb19f01ca8ee45b54206d88cfcf0ce0971ada9de052122053fa5e,/p/8af9ac894aa99244e94ede70.html
not started,Informal reviewer,Formal / informal,Informal,The Polynomial Freiman-Ruzsa Conjecture,teorth/pfr,3.8,"The Ruzsa distance between two random variables X and Y that take values in a group G is calculated using the entropy of independent copies of X and Y, specifically as the entropy of their difference minus half the entropy of each variable. This measures how spread out the difference of the variables is, adjusted for their individual randomness. It is always non-negative and equals zero only when X and Y are structurally similar in a specific probabilistic sense. The definition relies on having independent versions of the random variables to compute the difference properly.","\uses{entropy-def, independent-exist} Let $X,Y$ be $G$-valued random variables (not necessarily on the same sample space). The \emph{Ruzsa distance} $d[X ;Y]$ between $X$ and $Y$ is defined to be $$ d[X ;Y] := \mathbb{H}[X' - Y'] - \mathbb{H}[X']/2 - \mathbb{H}[Y']/2$$ where $X',Y'$ are (the canonical) independent copies of $X,Y$ from \Cref{independent-exist}.",Formal,rdist,PFR.ForMathlib.Entropy.RuzsaDist,PFR/ForMathlib/Entropy/RuzsaDist.lean,"The Ruzsa distance between two random variables X and Y is a real number calculated using the entropies of X, Y, and the difference of independent copies of X and Y. It is defined as the entropy of X' minus Y' minus half the entropy of X' minus half the entropy of Y', where X' and Y' are independent versions of X and Y. This measures a kind of divergence between the distributions of X and Y in an additive group setting.","rdist.{u_1, u_2, u_5} {Ω : Type u_1} {Ω' : Type u_2} {G : Type u_5} [mΩ : MeasurableSpace Ω] [mΩ' : MeasurableSpace Ω']
  [hG : MeasurableSpace G] [AddCommGroup G] (X : Ω → G) (Y : Ω' → G) (μ : MeasureTheory.Measure Ω := by volume_tac)
  (μ' : MeasureTheory.Measure Ω' := by volume_tac) : ℝ",Open,,,,,,,,,draft1-fi-008,primary,667981e05cb4798c4dfafd4b47fd87e1e039f84f01d04a5196b0ee329a7d663b,/p/73900ca977a05bb2e79fb4fa.html
not started,Informal reviewer,Formal / informal,Informal,The Polynomial Freiman-Ruzsa Conjecture,teorth/pfr,3.8,"The Ruzsa distance between two random variables X and Y that take values in a group G is calculated using the entropy of independent copies of X and Y, specifically as the entropy of their difference minus half the entropy of each variable. This measures how spread out the difference of the variables is, adjusted for their individual randomness. It is always non-negative and equals zero only when X and Y are structurally similar in a specific probabilistic sense. The definition relies on having independent versions of the random variables to compute the difference properly.","\uses{entropy-def, independent-exist} Let $X,Y$ be $G$-valued random variables (not necessarily on the same sample space). The \emph{Ruzsa distance} $d[X ;Y]$ between $X$ and $Y$ is defined to be $$ d[X ;Y] := \mathbb{H}[X' - Y'] - \mathbb{H}[X']/2 - \mathbb{H}[Y']/2$$ where $X',Y'$ are (the canonical) independent copies of $X,Y$ from \Cref{independent-exist}.",Formal,«termD[_;_#_;_]»,PFR.ForMathlib.Entropy.RuzsaDist,PFR/ForMathlib/Entropy/RuzsaDist.lean,"The Ruzsa distance between two random variables X and Y is calculated as the entropy of the difference of independent copies of X and Y, minus half the entropy of each copy. This measures how spread out the difference is relative to the individual entropies. The expression is used in information theory to quantify the divergence between random variables in an additive group.",«termD[_;_#_;_]» : Lean.ParserDescr,Open,,,,,,,,,draft1-fi-009,primary,eb66afaaf495dacf357e49f05d206dfc4e8e1e82f0b90b2735e53fd85b907319,/p/0639b724841b808d2020e7f1.html
not started,Informal reviewer,Formal / informal,Informal,Carleson operators on doubling metric measure spaces,fpvandoorn/carleson,1.0.1,"For a continuous periodic function, the partial sums of its Fourier series converge to the function value at almost every point.","\uses{exceptional-set-carleson} Let $f$ be a $2\pi$-periodic complex-valued continuous function on $\mathbb{R}$. Then for almost all $x \in \mathbb{R}$ we have \begin{equation} \lim_{N\to\infty}S_N f(x) = f(x), \end{equation} where $S_N f$ is the $N$-th partial Fourier sum of $f$ defined in \eqref{eq:trig-series} with coefficients \eqref{eq:fourier-coefficients}.",Formal,classical_carleson_check,Carleson.Classical.ClassicalCarleson,Carleson/Classical/ClassicalCarleson.lean,"For any continuous, periodic function on the real line, the partial Fourier sums converge to the function's value at almost every point. This means that as more terms are added to the Fourier series, the sum gets arbitrarily close to the function's value everywhere except possibly on a set of measure zero.",classical_carleson_check : ClassicalCarleson,Open,,,,,,,,,draft1-fi-010,primary,2176553fd48e46b29d23f5c0b92353d555a0d79012434ee8ad1a94c69d55c619,/p/ca7085aa7268ec4d45254689.html
not started,Informal reviewer,Formal / informal,Informal,The Polynomial Freiman-Ruzsa Conjecture,teorth/pfr,5.3,"For four independent random variables taking values in a group, the sum of the Ruzsa distance between their pairwise sums, the conditional Ruzsa distance given those sums, and a conditional mutual information term equals the sum of the Ruzsa distances between the original pairs.","Let $Y_1,Y_2,Y_3$ and $Y_4$ be independent $G$-valued random variables. Then \begin{align*} & d[Y_1+Y_3; Y_2+Y_4] + d[Y_1|Y_1+Y_3; Y_2|Y_2+Y_4] \\ &\qquad + \mathbb{I}[Y_1+Y_2 : Y_2 + Y_4 | Y_1+Y_2+Y_3+Y_4] = d[Y_1; Y_2] + d[Y_3; Y_4]. \end{align*}",Formal,sum_of_rdist_eq_char_2,PFR.Fibring,PFR/Fibring.lean,"For four independent random variables taking values in a finite abelian group G with a probability measure, the sum of the Ruzsa distances between the first and second and between the third and fourth equals the sum of three terms: the Ruzsa distance between their pairwise sums, the Ruzsa distance between the conditional distributions given those sums, and a conditional mutual information term involving the total sum.","sum_of_rdist_eq_char_2.{u_1, u_2} {G : Type u_1} [AddCommGroup G] [Finite G] [hG : MeasurableSpace G]
  [MeasurableSingletonClass G] {Ω : Type u_2} [mΩ : MeasurableSpace Ω] {μ : MeasureTheory.Measure Ω}
  [MeasureTheory.IsProbabilityMeasure μ] [Module (ZMod 2) G] (Y : Fin 4 → Ω → G)
  (h_indep : ProbabilityTheory.iIndepFun Y μ) (h_meas : ∀ (i : Fin 4), Measurable (Y i)) :
  d[Y 0; μ # Y 1; μ] + d[Y 2; μ # Y 3; μ] =
    d[Y 0 + Y 2; μ # Y 1 + Y 3; μ] + d[Y 0 | Y 0 + Y 2 ; μ # Y 1 | Y 1 + Y 3 ; μ] +
      I[Y 0 + Y 1 : Y 1 + Y 3|Y 0 + Y 1 + Y 2 + Y 3;μ]",Open,,,,,,,,,draft1-fi-011,primary,67578ef7cb508a6b57a52e642afec1be171882d29d89a3790628efa124685bd6,/p/64b4e444d072ae3e3b5dad74.html
not started,Informal reviewer,Formal / informal,Informal,Carleson operators on doubling metric measure spaces,fpvandoorn/carleson,1.0.1,"For a continuous periodic function, the partial sums of its Fourier series converge to the function value at almost every point.","\uses{exceptional-set-carleson} Let $f$ be a $2\pi$-periodic complex-valued continuous function on $\mathbb{R}$. Then for almost all $x \in \mathbb{R}$ we have \begin{equation} \lim_{N\to\infty}S_N f(x) = f(x), \end{equation} where $S_N f$ is the $N$-th partial Fourier sum of $f$ defined in \eqref{eq:trig-series} with coefficients \eqref{eq:fourier-coefficients}.",Formal,ClassicalCarleson,Carleson.Defs,Carleson/Defs.lean,"For a continuous periodic function on the real line, the partial Fourier sums converge to the function value at almost every point. This means that as the number of terms in the Fourier series increases, the sum gets arbitrarily close to the function's value for nearly all points in the domain, except possibly on a set of measure zero.",ClassicalCarleson : Prop,Open,,,,,,,,,draft1-fi-012,primary,5ce5510f5859158ea8cb46c56555f931110ee8bc3a78ad2305cc65296440cb2a,/p/6980d2ade53e5b65254af3fa.html
not started,Formal expert,Formal / informal,Formal,condRuzsaDist_diff_le',PFR.ForMathlib.Entropy.RuzsaDist,PFR/ForMathlib/Entropy/RuzsaDist.lean,"For random variables X, Y, and Z taking values in a countable abelian group with certain measurability conditions, where Y and Z are independent, the difference in conditional Ruzsa distances between X and the sum Y+Z versus X and Y alone is bounded above by half the Ruzsa distance between Y and Z plus a term involving the entropies of Y and Z. Specifically, the bound is half the Ruzsa distance d(Y,Z) plus one-fourth the entropy of Z minus one-fourth the entropy of Y. This result relates how the distance between random variables changes when one is added to an independent partner.","condRuzsaDist_diff_le'.{u_1, u_2, u_5} {Ω : Type u_1} {Ω' : Type u_2} {G : Type u_5} [mΩ : MeasurableSpace Ω]
  (μ : MeasureTheory.Measure Ω) [mΩ' : MeasurableSpace Ω'] {μ' : MeasureTheory.Measure Ω'} [hG : MeasurableSpace G]
  [AddCommGroup G] [Countable G] [MeasurableSingletonClass G] [Module (ZMod 2) G] [MeasureTheory.IsProbabilityMeasure μ]
  [MeasureTheory.IsProbabilityMeasure μ'] {X : Ω → G} {Y Z : Ω' → G} (hX : Measurable X) (hY : Measurable Y)
  (hZ : Measurable Z) (h : ProbabilityTheory.IndepFun Y Z μ') [FiniteRange X] [FiniteRange Z] [FiniteRange Y] :
  d[X; μ # Y + Z; μ'] - d[X; μ # Y; μ'] ≤ d[Y; μ' # Z; μ'] / 2 + H[Z; μ'] / 4 - H[Y; μ'] / 4",Informal,The Polynomial Freiman-Ruzsa Conjecture,teorth/pfr,3.26,"The difference in conditional Ruzsa distance between a variable X and the sum Y + Z, given the sum Y + Z + Z', compared to the distance between X and Y, is bounded above by half the sum of the entropies of Y + Z + Z' and Y + Z minus the entropies of Y and Z'. This result compares how adding independent random variables affects the distance measure in terms of entropy. The bound depends only on the entropies of the involved sums. All variables take values in an abelian group and Y, Z, Z' are independent.","Let $X, Y, Z, Z'$ be random variables taking values in some abelian group, and with $Y, Z, Z'$ independent. Then we have \begin{align}\nonumber & d[X ;Y + Z | Y + Z + Z'] - d[X ;Y] \\ & \qquad \leq \tfrac{1}{2} ( \mathbb{H}[Y + Z + Z'] + \mathbb{H}[Y + Z] - \mathbb{H}[Y] - \mathbb{H}[Z']). \end{align}",Open,,,,,,,,,draft1-fi-013,primary,68b0592fccc0bb24ae318975628d00a80534b4995f9ffeb3acdb280187a35519,/p/84942226ff14e7f5ec94e37a.html
not started,Formal expert,Formal / informal,Formal,ProbabilityTheory.mutualInfo_eq_entropy_sub_condEntropy,PFR.ForMathlib.Entropy.Basic,PFR/ForMathlib/Entropy/Basic.lean,The mutual information between two random variables X and Y equals the entropy of X minus the conditional entropy of X given Y. This means mutual information measures how much knowing Y reduces uncertainty about X. The equation holds for discrete random variables with finite range under a probability or zero measure.,"ProbabilityTheory.mutualInfo_eq_entropy_sub_condEntropy.{u_1, u_2, u_3} {Ω : Type u_1} {S : Type u_2} {T : Type u_3}
  [mΩ : MeasurableSpace Ω] [MeasurableSpace S] {X : Ω → S} {Y : Ω → T} [MeasurableSpace T] [MeasurableSingletonClass S]
  [MeasurableSingletonClass T] [Countable S] [Countable T] (hX : Measurable X) (hY : Measurable Y)
  (μ : MeasureTheory.Measure Ω) [MeasureTheory.IsZeroOrProbabilityMeasure μ] [FiniteRange X] [FiniteRange Y] :
  I[X : Y ; μ] = H[X; μ] - H[X | Y ; μ]",Informal,Competitive analysis of the top-K ranking problem,1605.03933,9.4,"The mutual information between two random variables X and Y measures how much knowing one variable reduces uncertainty about the other. It is calculated as the difference between the entropy of X and the conditional entropy of X given Y, or equivalently for Y and Y given X. This value is always non-negative and symmetric in X and Y.",The \emph{mutual information} between two random variables $X$ and $Y$ is defined as $I(X;Y) = H(X) - H(X|Y) = H(Y) - H(Y|X)$.,Open,,,,,,,,,draft1-fi-014,primary,74ce587aac555967764d7eda4e6c8275bdbf696ced919ecc27405c9dba267283,/p/9bb30c01cc15f3cd326097ba.html
not started,Formal expert,Formal / informal,Formal,MeasureTheory.tendstoInMeasure_iff_tendsto_Lp_finite,Mathlib.MeasureTheory.Function.UniformIntegrable,,"A sequence of functions converges to a function g in the Lp norm if and only if the sequence is uniformly integrable and converges to g in measure, assuming the measure is finite and p is a real number between 1 and infinity.","MeasureTheory.tendstoInMeasure_iff_tendsto_Lp_finite.{u_1, u_2} {α : Type u_1} {β : Type u_2} {m : MeasurableSpace α}
  {μ : MeasureTheory.Measure α} [NormedAddCommGroup β] {p : ENNReal} {f : ℕ → α → β} {g : α → β}
  [MeasureTheory.IsFiniteMeasure μ] (hp : 1 ≤ p) (hp' : p ≠ ⊤) (hf : ∀ (n : ℕ), MeasureTheory.MemLp (f n) p μ)
  (hg : MeasureTheory.MemLp g p μ) :
  MeasureTheory.TendstoInMeasure μ f Filter.atTop g ∧ MeasureTheory.UnifIntegrable f p μ ↔
    Filter.Tendsto (fun n => MeasureTheory.eLpNorm (f n - g) p μ) Filter.atTop (nhds 0)",Informal,Strong convergence of sequences with vanishing relative entropy,2409.16892,7.3,A sequence of functions converges in the Lp norm on a finite measure space if and only if the sequence is uniformly p-integrable and converges in measure to the same function.,"Let $p \geq 1$ and $(X, \Sigma, \mu)$ be a finite measure space. Consider a sequence $\{u_n\}$ in $L^p(X)$ and a measurable function $u$. Then $\{u_n\}$ converges to $u$ in $L^p(X)$ if, and only if, $\{u_n\}$ is uniformly $p$-integrable and converges to $u$ in measure.",Open,,,,,,,,,draft1-fi-015,primary,c68e0ad49a19d32000a4acb0478407bfac7f678ada92de3019f61b5de3855013,/p/3940eda9d9dca60ca81442da.html
not started,Formal expert,Formal / informal,Formal,ProbabilityTheory.mutualInfo_comm,PFR.ForMathlib.Entropy.Basic,PFR/ForMathlib/Entropy/Basic.lean,"The mutual information between two random variables X and Y is the same regardless of the order, meaning the amount of information X gives about Y is equal to the amount Y gives about X. This holds when both variables are measurable and take values in countable spaces where individual outcomes can be measured. The result follows from the symmetric nature of how shared information is calculated using entropy and joint distributions.","ProbabilityTheory.mutualInfo_comm.{u_1, u_2, u_3} {Ω : Type u_1} {S : Type u_2} {T : Type u_3} [mΩ : MeasurableSpace Ω]
  [MeasurableSpace S] {X : Ω → S} {Y : Ω → T} [MeasurableSpace T] [MeasurableSingletonClass S]
  [MeasurableSingletonClass T] [Countable S] [Countable T] (hX : Measurable X) (hY : Measurable Y)
  (μ : MeasureTheory.Measure Ω) : I[X : Y ; μ] = I[Y : X ; μ]",Informal,Redundancy-Aware Test-Time Graph Out-of-Distribution Detection,2510.14562,9.2,"The mutual information between two random variables X and Y is the same regardless of the order, meaning the information X gives about Y is equal to the information Y gives about X. It can be calculated as the reduction in uncertainty about one variable given knowledge of the other. This symmetry shows that the shared information is balanced in both directions.","$I(X; Y)$ is symmetrical in $X$ and $Y$, \textit{i.e.}, $I(X; Y)= \mathcal H(X) - \mathcal H(X|Y) = \mathcal H(Y) - \mathcal H(Y|X) = I(Y;X)$.",Open,,,,,,,,,draft1-fi-016,primary,339561fa92c1413464718d6c46c80b19d0848d040325fd2a030b3f92f6fb7ed6,/p/8b7ad516d44c1ba90360ee54.html
not started,Informal reviewer,Formal / informal,Informal,Fermat's Last Theorem,ImperialCollegeLondon/FLT,10.34,"If R and S are topological rings with S a finite R-algebra and having the R-module topology, and if M is an S-module with the induced R-module structure, then the topology on M as an R-module is the same as the topology on M as an S-module.","Say $R$ and $S$ are topological rings, and $S$ is an $R$-algebra, finite as an $R$-module. Assume that the topology on $S$ is the $R$-module topology. Now say $M$ is an $S$-module, and give it the induced $R$-module structure. Then the $R$-module topology and $S$-module topology on~$M$ coincide.",Formal,moduleTopology.trans,FLT.Mathlib.Topology.Algebra.Module.ModuleTopology,FLT/Mathlib/Topology/Algebra/Module/ModuleTopology.lean,"If S is a finite algebra over a topological ring R and carries the module topology, then for any module M over S, the topology induced by R on M is the same as the topology induced by S on M.","moduleTopology.trans.{u_1, u_2, u_3} (R : Type u_1) [CommRing R] [TopologicalSpace R] (S : Type u_2) [CommRing S]
  [TopologicalSpace S] [Algebra R S] (M : Type u_3) [AddCommGroup M] [Module R M] [Module S M] [IsScalarTower R S M]
  [IsTopologicalRing R] [Module.Finite R S] [IsModuleTopology R S] : moduleTopology R M = moduleTopology S M",Open,,,,,,,,,draft1-fi-017,primary,ea19cb00466743b9d39b999a07c62fc06f4921994fe93a322616a6a3d236f82c,/p/8048aa50e14081845c8c6cab.html
not started,Informal reviewer,Formal / informal,Informal,Brownian motion project,RemyDegenne/brownian-motion,1.5.5,The packing number of a set A for a given distance epsilon is the maximum number of points you can place in A such that each pair of points is more than epsilon apart. It counts how many well-separated points can fit inside the set.,\uses{def:IsSeparated} \mathlibok \lean{Metric.packingNumber} The packing number of a set $A \subseteq E$ for $\varepsilon > 0$ is the largest cardinality of an $\varepsilon$-separated subset of $A$. Denote it by $P_\varepsilon(A)$.,Formal,Metric.epackingNum,MiscYD.PhD.VCDim.CoveringPacking,MiscYD/PhD/VCDim/CoveringPacking.lean,"The epsilon-packing number of a set s is the largest number of points you can pick from s such that every pair of points is at least distance epsilon apart; if no such maximum exists, it is infinite. It counts how many well-separated points can fit inside the set.",Metric.epackingNum.{u_1} {X : Type u_1} [PseudoEMetricSpace X] (ε : NNReal) (s : Set X) : ℕ∞,Open,,,,,,,,,draft1-fi-018,primary,1486104621524cb73a8f39bfe4cfd473bd4dc89c89014d8c791e5bc29453beef,/p/fc9c4b0c9859c12237ff46c7.html
not started,Formal expert,Formal / informal,Formal,MeasureTheory.UniformIntegrable.memLp_of_tendstoInMeasure,Mathlib.MeasureTheory.Function.UniformIntegrable,,"If a sequence of functions converges in measure to a limit function and the sequence is uniformly integrable, then the limit function belongs to the Lp space.","MeasureTheory.UniformIntegrable.memLp_of_tendstoInMeasure.{u_1, u_2, u_4} {α : Type u_1} {β : Type u_2}
  {m : MeasurableSpace α} {μ : MeasureTheory.Measure α} [NormedAddCommGroup β] {p : ENNReal} {κ : Type u_4}
  {u : Filter κ} [u.NeBot] [u.IsCountablyGenerated] {f : κ → α → β} {g : α → β}
  (hUI : MeasureTheory.UniformIntegrable f p μ) (htends : MeasureTheory.TendstoInMeasure μ f u g) :
  MeasureTheory.MemLp g p μ",Informal,Elliptic problems with growth in nonreflexive Orlicz spaces and with measure or $L^1$ data,1807.11275,4,"If a sequence of functions is uniformly integrable, converges in measure, and the limit is finite almost everywhere on a finite measure space, then the sequence converges in the Lp norm and the limit is an Lp function.","Let $(X,\mu)$ be a positive measure space, $\mu(X)<\infty $, and $1\leq p<\infty$. If $\{u_{n}\}$ is uniformly integrable in $L^p_\mu$, $u_{n}\to u$ in measure and $|u(x)|<\infty $ a.e. in $X$, then $u\in {L}^p_\mu(X)$ and $u_{n}\to u$ in ${L}^p_\mu(X)$.",Open,,,,,,,,,draft1-fi-019,primary,842355ce1727ecbfb51266b254d0ebd57404031b8bf0293b6b73f5f3c7cb40a7,/p/3c6825d20286d06dceba9bea.html
not started,Formal expert,Formal / informal,Formal,MeasureTheory.UniformIntegrable.memLp_of_tendstoInMeasure,Mathlib.MeasureTheory.Function.UniformIntegrable,,"If a sequence of functions converges in measure to a limit function and the sequence is uniformly integrable, then the limit function belongs to the Lp space.","MeasureTheory.UniformIntegrable.memLp_of_tendstoInMeasure.{u_1, u_2, u_4} {α : Type u_1} {β : Type u_2}
  {m : MeasurableSpace α} {μ : MeasureTheory.Measure α} [NormedAddCommGroup β] {p : ENNReal} {κ : Type u_4}
  {u : Filter κ} [u.NeBot] [u.IsCountablyGenerated] {f : κ → α → β} {g : α → β}
  (hUI : MeasureTheory.UniformIntegrable f p μ) (htends : MeasureTheory.TendstoInMeasure μ f u g) :
  MeasureTheory.MemLp g p μ",Informal,Renormalized solutions to parabolic equations in time and space dependent anisotropic Musielak-Orlicz spaces in absence of Lavrentiev's phenomenon,1807.06464,5.4,"If a sequence of functions is uniformly integrable, converges in measure, and the limit is finite almost everywhere on a finite measure space, then the sequence converges in the Lp norm and the limit is an Lp function.","Let $(X,\mu)$ be a positive measure space, $\mu(X)<\infty $, and $1\leq p<\infty$. If $\{f_{n}\}$ is uniformly integrable in $L^p_\mu$, $f_{n}(x)\to f(x)$ in measure and $|f(x)|<\infty $ a.e. in $X$, then $f\in {L}^p_\mu(X)$ and $f_{n}(x)\to f(x)$ in ${L}^p_\mu(X)$.",Open,,,,,,,,,draft1-fi-020,primary,ca26183da4f93e1064748239441517f538c821bdd3c67df2d6da85aaa782a79f,/p/7163056dcea490c1ada65100.html
not started,Informal reviewer,Formal / informal,Informal,Sphere Packing in Dimension 8,thefundamentaltheor3m/Sphere-Packing-Lean,1.17,The maximum possible density of sphere packings in 8-dimensional space is achieved by the E8 lattice packing.,\uses{corollary:upper-bound-E8} $\Delta_8 = \Delta_{E_8}$.,Formal,SpherePacking.Dim8.MainTheorem,SpherePacking.Dim8.MainTheorem,SpherePacking/Dim8/MainTheorem.lean,"In 8-dimensional space, the highest possible density that can be achieved when packing identical spheres is exactly equal to the density of the E8 lattice packing. This means no arrangement of spheres in 8 dimensions can be denser than the one defined by the E8 lattice. The value of this optimal density is given by the expression E8Packing.density.",SpherePacking.Dim8.MainTheorem : SpherePackingConstant 8 = E8Packing.density,Open,,,,,,,,,draft1-fi-021,primary,49387e8efdd4d8c920be83b07f7e9eb20f350861c302d9f0bde19d3fd0a120d7,/p/ab5e524085ad813fa3253754.html
not started,Formal expert,Formal / informal,Formal,ProbabilityTheory.mutualInfo_eq_entropy_sub_condEntropy,PFR.ForMathlib.Entropy.Basic,PFR/ForMathlib/Entropy/Basic.lean,The mutual information between two random variables X and Y equals the entropy of X minus the conditional entropy of X given Y. This means mutual information measures how much knowing Y reduces uncertainty about X. The equation holds for discrete random variables with finite range under a probability or zero measure.,"ProbabilityTheory.mutualInfo_eq_entropy_sub_condEntropy.{u_1, u_2, u_3} {Ω : Type u_1} {S : Type u_2} {T : Type u_3}
  [mΩ : MeasurableSpace Ω] [MeasurableSpace S] {X : Ω → S} {Y : Ω → T} [MeasurableSpace T] [MeasurableSingletonClass S]
  [MeasurableSingletonClass T] [Countable S] [Countable T] (hX : Measurable X) (hY : Measurable Y)
  (μ : MeasureTheory.Measure Ω) [MeasureTheory.IsZeroOrProbabilityMeasure μ] [FiniteRange X] [FiniteRange Y] :
  I[X : Y ; μ] = H[X; μ] - H[X | Y ; μ]",Informal,Less is Enough: Synthesizing Diverse Data in Feature Space of LLMs,2602.10388,9.5,The mutual information between two random variables X and Y measures how much knowing one variable reduces uncertainty about the other. It is calculated as the difference between the entropy of X and the conditional entropy of X given Y. This value is always non-negative and increases with the dependence between the variables.,The mutual information between two random variables $X$ and $Y$ is defined as \begin{equation} I(X;Y) = H(X) - H(X \mid Y). \end{equation},Open,,,,,,,,,draft1-fi-022,primary,e795477905c6d73a6a948e20a5443545a981a2d460f4b120bb4bb548d0c2c315,/p/3baa69337e09e79da702f90e.html
not started,Formal expert,Formal / informal,Formal,ProbabilityTheory.mutual_comp_comp_le,PFR.ForMathlib.Entropy.Basic,PFR/ForMathlib/Entropy/Basic.lean,"If X and Y are random variables and f, g are measurable functions, then the mutual information between f(X) and g(Y) is less than or equal to the mutual information between X and Y. This means that applying functions to random variables cannot increase their mutual information.","ProbabilityTheory.mutual_comp_comp_le.{uΩ, uS, uT, uU, uV} {Ω : Type uΩ} {S : Type uS} {T : Type uT} {U : Type uU}
  {V : Type uV} [mΩ : MeasurableSpace Ω] [MeasurableSpace S] [MeasurableSpace T] [MeasurableSpace U] [MeasurableSpace V]
  [Countable S] [Countable T] [Countable V] [MeasurableSingletonClass S] [MeasurableSingletonClass T]
  [MeasurableSingletonClass U] [MeasurableSingletonClass V] {X : Ω → S} {Y : Ω → T} [Countable U]
  (μ : MeasureTheory.Measure Ω) [MeasureTheory.IsProbabilityMeasure μ] (hX : Measurable X) (hY : Measurable Y)
  (f : S → U) (g : T → V) (hg : Measurable g) [FiniteRange X] [FiniteRange Y] : I[f ∘ X : g ∘ Y ; μ] ≤ I[X : Y ; μ]",Informal,The Polynomial Freiman-Ruzsa Conjecture,teorth/pfr,12.2,"For any two random variables X and Y, and any functions f and g applied to X, the mutual information between f(X) and Y is less than or equal to the mutual information between X and Y. This means processing X can't increase its information about Y.","Let $X,Y$ be random variables. For any function $f, g$ on the range of $X$, we have $\mathbb{I}[f(X) : Y] \leq \mathbb{I}[X:Y]$.",Open,,,,,,,,,draft1-fi-023,primary,0c820e0eb408caba453d6718f14793cdc12f9c2d8fa4fd0bf0de13625c9cece6,/p/e9c71a87a8bcb97ba1bcc86e.html
not started,Informal reviewer,Formal / informal,Informal,Sphere Packing in Dimension 8,thefundamentaltheor3m/Sphere-Packing-Lean,2.4,"As the radius R gets very large, the ratio of the volume of a d-dimensional ball of radius R to the volume of a d-dimensional ball of radius R plus a constant C approaches 1. This means the volumes become almost the same for large R.","For any constant $C > 0$, we have \[ \lim_{R \to \infty} \frac{\mathrm{Vol}(\mathcal{B}_d(R))}{\mathrm{Vol}(\mathcal{B}_d(R + C))} = 1 \]",Formal,volume_ball_ratio_tendsto_nhds_one',SpherePacking.Basic.PeriodicPacking,SpherePacking/Basic/PeriodicPacking.lean,"As the radius R gets very large, the ratio of the volume of a ball of radius R + C to the volume of a ball of radius R + C' in d-dimensional space approaches 1, for any non-negative constants C and C' and positive dimension d.","volume_ball_ratio_tendsto_nhds_one' {d : ℕ} {C C' : ℝ} (hd : 0 < d) (hC : 0 ≤ C) (hC' : 0 ≤ C') :
  Filter.Tendsto (fun R => MeasureTheory.volume (Metric.ball 0 (R + C)) / MeasureTheory.volume (Metric.ball 0 (R + C')))
    Filter.atTop (nhds 1)",Open,,,,,,,,,draft1-fi-024,primary,3b52c7f58c8d6abacc76949ce21b945298bee070a26fd50a899d3ac7fc0091f9,/p/745be4293bbf02e2342f66f3.html
not started,Formal expert,Formal / informal,Formal,Matrix.gram,Mathlib.Analysis.InnerProductSpace.GramMatrix,,The Gram matrix is formed by taking a set of vectors and setting each matrix entry to be the inner product of the corresponding pair of vectors. It is represented as a square matrix where both rows and columns are indexed by the same type. The matrix entries belong to the scalar field associated with the inner product space.,"Matrix.gram.{u_1, u_2, u_5} {E : Type u_1} {n : Type u_2} (𝕜 : Type u_5) [Inner 𝕜 E] (v : n → E) : Matrix n n 𝕜",Informal,Dual Spaces and Bilinear Forms in Supertropical Linear Algebra,1201.6481,3.6,"The Gram matrix of a set of vectors is a square matrix where each entry is the inner product of a pair of those vectors, with the entry in row i and column j being the inner product of the i-th and j-th vectors.","The \textbf{Gram matrix} of the bilinear form with respect to vectors $v_1, \dots, v_k \in V = F^{(n)}$ is defined as the $k \times k$ matrix \begin{equation} \widetilde{G}(v_1, \dots, v_k ) = \left( \begin{array}{cccc} \langle{v_1},{v_1}\rangle & \langle{v_1},{v_2}\rangle & \cdots & \langle{v_1},{v_k}\rangle \\ \langle{v_2},{v_1}\rangle & \langle{v_2},{v_2}\rangle & \cdots & \langle{v_2},{v_k}\rangle \\ \vdots & \vdots & \ddots & \vdots \\ \langle{v_k},{v_1}\rangle & \langle{v_k},{v_2}\rangle & \cdots & \langle{v_k},{v_k}\rangle \\ \end{array} \right). \end{equation}",Open,,,,,,,,,draft1-fi-025,primary,81e7ef1c11a86f5ccb689b4bd95f1aa3bca9f69498e63f205ed35425ee62a2ba,/p/2447be17bc9bc775db9e653c.html
not started,Formal expert,Formal / informal,Formal,ProbabilityTheory.mutualInfo_comm,PFR.ForMathlib.Entropy.Basic,PFR/ForMathlib/Entropy/Basic.lean,"The mutual information between two random variables X and Y is the same regardless of the order, meaning the amount of information X gives about Y is equal to the amount Y gives about X. This holds when both variables are measurable and take values in countable spaces where individual outcomes can be measured. The result follows from the symmetric nature of how shared information is calculated using entropy and joint distributions.","ProbabilityTheory.mutualInfo_comm.{u_1, u_2, u_3} {Ω : Type u_1} {S : Type u_2} {T : Type u_3} [mΩ : MeasurableSpace Ω]
  [MeasurableSpace S] {X : Ω → S} {Y : Ω → T} [MeasurableSpace T] [MeasurableSingletonClass S]
  [MeasurableSingletonClass T] [Countable S] [Countable T] (hX : Measurable X) (hY : Measurable Y)
  (μ : MeasureTheory.Measure Ω) : I[X : Y ; μ] = I[Y : X ; μ]",Informal,On the Round Complexity of the Shuffle Model,2009.13510,6.8,"The mutual information between two random variables X and Y is symmetric, meaning the information X provides about Y is the same as the information Y provides about X. This follows from the chain rule for conditional entropy and basic properties of entropy. Both I(X;Y) and I(Y;X) are equal because they measure the same reduction in uncertainty.","Observe that by the chain rule of conditional entropy (\Cref{claim:chainCondEnt}), we get that the mutual information that $X$ gives about $Y$ equals the mutual information that $Y$ gives about $X$. Formally, \begin{align*} I(X;Y) &= H(X)-H(X|Y)\\ &= H(X) - H(X,Y) + H(Y)\\ &= -H(Y|X)+H(Y)\\ &=I(Y;X). \end{align*}",Open,,,,,,,,,draft1-fi-026,primary,1b8cee00fe6c98cac3e11f86034c776b66f137800e5de054aaaf7d0196097474,/p/f294feac556ee9fc9a35330b.html
not started,Formal expert,Formal / informal,Formal,ProbabilityTheory.mutualInfo_eq_zero,PFR.ForMathlib.Entropy.Basic,PFR/ForMathlib/Entropy/Basic.lean,The mutual information between two random variables X and Y is zero if and only if X and Y are independent. This means that knowing the value of one variable gives no information about the other. The result holds for finite-range measurable functions on a probability space.,"ProbabilityTheory.mutualInfo_eq_zero.{u_1, u_2, u_3} {Ω : Type u_1} {S : Type u_2} {T : Type u_3}
  [mΩ : MeasurableSpace Ω] [MeasurableSpace S] {X : Ω → S} {Y : Ω → T} [MeasurableSpace T] [MeasurableSingletonClass S]
  [MeasurableSingletonClass T] (hX : Measurable X) (hY : Measurable Y) {μ : MeasureTheory.Measure Ω}
  [MeasureTheory.IsZeroOrProbabilityMeasure μ] [FiniteRange X] [FiniteRange Y] :
  I[X : Y ; μ] = 0 ↔ ProbabilityTheory.IndepFun X Y μ",Informal,An Information Theoretic Analysis of Decision in Computer Chess,1112.2144,8,The mutual information between two variables X and Y is zero if and only if X and Y are independent.,"\begin{equation} I_{X,Y} = 0 \end{equation} if any only if X and Y are independent variables.",Open,,,,,,,,,draft1-fi-027,primary,7046fd59bba98ab025d41be75470fd2b7af7b1334bbd5076754df2ca916a8426,/p/f9ecc36f1c2d9820f579bccd.html
not started,Informal reviewer,Formal / informal,Informal,Sphere Packing in Dimension 8,thefundamentaltheor3m/Sphere-Packing-Lean,2.4,"As the radius R gets very large, the ratio of the volume of a d-dimensional ball of radius R to the volume of a d-dimensional ball of radius R plus a constant C approaches 1. This means the volumes become almost the same for large R.","For any constant $C > 0$, we have \[ \lim_{R \to \infty} \frac{\mathrm{Vol}(\mathcal{B}_d(R))}{\mathrm{Vol}(\mathcal{B}_d(R + C))} = 1 \]",Formal,volume_ball_ratio_tendsto_nhds_one,SpherePacking.Basic.PeriodicPacking,SpherePacking/Basic/PeriodicPacking.lean,"As the radius R gets larger and larger, the ratio of the volume of a ball of radius R to the volume of a ball of radius R + C approaches 1, for any fixed non-negative constant C and in any positive dimension d.","volume_ball_ratio_tendsto_nhds_one {d : ℕ} {C : ℝ} (hd : 0 < d) (hC : 0 ≤ C) :
  Filter.Tendsto (fun R => MeasureTheory.volume (Metric.ball 0 R) / MeasureTheory.volume (Metric.ball 0 (R + C)))
    Filter.atTop (nhds 1)",Open,,,,,,,,,draft1-fi-028,primary,21516863015a4328915c6ae6bea109563e2d29e217e7d8c96d68a2a8fe705884,/p/40d18ca970c143326b3b3a18.html
not started,Formal expert,Formal / informal,Formal,ProbabilityTheory.condMutualInfo_eq_zero,PFR.ForMathlib.Entropy.Basic,PFR/ForMathlib/Entropy/Basic.lean,"The conditional mutual information between two random variables X and Y given a third variable Z is zero if and only if X and Y are conditionally independent given Z. This means that knowing Z, the value of X provides no additional information about Y and vice versa. The result holds under standard measurability and finiteness conditions on the variables and the underlying probability space.","ProbabilityTheory.condMutualInfo_eq_zero.{u_1, u_2, u_3, u_4} {Ω : Type u_1} {S : Type u_2} {T : Type u_3}
  {U : Type u_4} [mΩ : MeasurableSpace Ω] [MeasurableSpace S] [MeasurableSpace U] {X : Ω → S} {Y : Ω → T} {Z : Ω → U}
  {μ : MeasureTheory.Measure Ω} [MeasurableSpace T] [MeasurableSingletonClass S] [MeasurableSingletonClass T]
  [Countable U] [MeasurableSingletonClass U] (hX : Measurable X) (hY : Measurable Y)
  [MeasureTheory.IsZeroOrProbabilityMeasure μ] [FiniteRange X] [FiniteRange Y] [FiniteRange Z] :
  I[X : Y|Z;μ] = 0 ↔ ProbabilityTheory.CondIndepFun X Y Z μ",Informal,New Properties of Intrinsic Information and Their Relation to Bound Secrecy,2308.09031,5.3,"The conditional mutual information between two random variables X and Y given a third variable Z is zero if and only if X and Y are conditionally independent given Z. This means that knowing Z, no information about X can be gained from Y and vice versa. The result connects a probabilistic notion of independence with an information-theoretic measure. It is used to analyze when secret key generation from correlated data is possible.","Given random variables $X$, $Y$, $Z$, we have $I(X:Y|Z) = 0$ if and only if $(X \perp\!\!\!\perp Y) | Z$.",Open,,,,,,,,,draft1-fi-029,primary,099c374fd38b02b6b88ff0d45f451f57d7deb577a78208c9ea3d965e2edaf5dd,/p/13e882f45cdafdc10f53a264.html
not started,Formal expert,Formal / informal,Formal,ProbabilityTheory.condMutualInfo_eq_zero,PFR.ForMathlib.Entropy.Basic,PFR/ForMathlib/Entropy/Basic.lean,"The conditional mutual information between two random variables X and Y given a third variable Z is zero if and only if X and Y are conditionally independent given Z. This means that knowing Z, the value of X provides no additional information about Y and vice versa. The result holds under standard measurability and finiteness conditions on the variables and the underlying probability space.","ProbabilityTheory.condMutualInfo_eq_zero.{u_1, u_2, u_3, u_4} {Ω : Type u_1} {S : Type u_2} {T : Type u_3}
  {U : Type u_4} [mΩ : MeasurableSpace Ω] [MeasurableSpace S] [MeasurableSpace U] {X : Ω → S} {Y : Ω → T} {Z : Ω → U}
  {μ : MeasureTheory.Measure Ω} [MeasurableSpace T] [MeasurableSingletonClass S] [MeasurableSingletonClass T]
  [Countable U] [MeasurableSingletonClass U] (hX : Measurable X) (hY : Measurable Y)
  [MeasureTheory.IsZeroOrProbabilityMeasure μ] [FiniteRange X] [FiniteRange Y] [FiniteRange Z] :
  I[X : Y|Z;μ] = 0 ↔ ProbabilityTheory.CondIndepFun X Y Z μ",Informal,"Multi-Party Protocols, Information Complexity and Privacy",1606.06872,2.4,The conditional mutual information between X and Y given Z is zero if and only if X and Y are independent when conditioned on every value of Z.,"For any random variables $X$, $Y$ and $Z$, $I(X;Y \mid Z) = 0$ if and only if $X$ and $Y$ are independent for each possible value of $Z$.",Open,,,,,,,,,draft1-fi-030,primary,b4159dbdf860bac383e41d39ca0a1d5751b90f4fad021b645476c59e17dd4a33,/p/ed7bfe7ae4552f87e9e85243.html
not started,Informal reviewer,Formal / informal,Informal,The Polynomial Freiman-Ruzsa Conjecture,teorth/pfr,2.21,"The sum of the joint entropy of three variables X, Y, Z and the entropy of Z alone is less than or equal to the sum of the joint entropies of X and Z, and Y and Z. This inequality reflects a property of entropy related to how information shared among variables is bounded. It shows that combining X and Y with Z does not add more uncertainty than considering their individual combinations with Z. This is a form of submodularity in information theory.","With three random variables $X,Y,Z$, one has $$ \mathbb{H}[X,Y,Z] + \mathbb{H}[Z] \leq \mathbb{H}[X,Z] + \mathbb{H}[Y,Z].$$",Formal,ProbabilityTheory.Kernel.entropy_triple_add_entropy_le,PFR.ForMathlib.Entropy.Kernel.MutualInfo,PFR/ForMathlib/Entropy/Kernel/MutualInfo.lean,"For three random variables X, Y, and Z, the sum of the joint entropy of X, Y, Z and the entropy of Z is less than or equal to the sum of the joint entropies of X, Z and Y, Z. This expresses the submodularity property of entropy, where adding a common variable (Z) reduces the marginal gain in information.","ProbabilityTheory.Kernel.entropy_triple_add_entropy_le.{u_2, u_3, u_4, u_5} {S : Type u_2} {T : Type u_3} {U : Type u_4}
  {V : Type u_5} [MeasurableSpace S] [MeasurableSpace T] [MeasurableSpace U] [MeasurableSpace V] [Countable S]
  [MeasurableSingletonClass S] [Countable T] [MeasurableSingletonClass T] [Countable U] [MeasurableSingletonClass U]
  [Countable V] [MeasurableSingletonClass V] (κ : ProbabilityTheory.Kernel T (S × U × V))
  [ProbabilityTheory.IsZeroOrMarkovKernel κ] (μ : MeasureTheory.Measure T) [MeasureTheory.IsZeroOrProbabilityMeasure μ]
  [ProbabilityTheory.FiniteSupport μ] (hκ : κ.AEFiniteKernelSupport μ) :
  Hk[κ , μ] + Hk[κ.snd.snd , μ] ≤ Hk[κ.deleteMiddle , μ] + Hk[κ.snd , μ]",Open,,,,,,,,,draft1-fi-031,primary,745e548559b8885d568c4601c39ae20ff610346064a5b2b5f197e44f0fea754c,/p/05c02c4519855ddb8e7f3f2d.html
not started,Formal expert,Formal / informal,Formal,ProbabilityTheory.entropy_le_log_card,PFR.ForMathlib.Entropy.Basic,PFR/ForMathlib/Entropy/Basic.lean,"The entropy of a random variable is always less than or equal to the natural logarithm of the number of possible values it can take. This holds when the variable takes values in a finite set and the measure is countably additive. The bound depends only on the size of the set, not on the probabilities of individual outcomes.","ProbabilityTheory.entropy_le_log_card.{u_1, u_2} {Ω : Type u_1} {S : Type u_2} [mΩ : MeasurableSpace Ω]
  [MeasurableSpace S] [Fintype S] [MeasurableSingletonClass S] (X : Ω → S) (μ : MeasureTheory.Measure Ω) :
  H[X; μ] ≤ Real.log ↑(Fintype.card S)",Informal,On tripartite common graphs,2012.02057,2.3,The entropy of a random variable is always less than or equal to the logarithm of the number of possible values it can take.,Let $X$ be a random variable taking values in a set $S$ and let $\mathbb{H}(X)$ be the entropy of~$X$. Then $\mathbb{H}(X)\leq\log|S|$.,Open,,,,,,,,,draft1-fi-032,primary,346c297f4c15ced25a8773b9662b84ce4befe3edcb9b962a9f16c5c39d006405,/p/36c03e9514ec2248a86dac9d.html
not started,Formal expert,Formal / informal,Formal,ProbabilityTheory.ClassD.classDL,BrownianMotion.StochasticIntegral.ClassD,BrownianMotion/StochasticIntegral/ClassD.lean,"If a stochastic process is of class D, meaning it is adapted and its values at all finite stopping times form a uniformly integrable set, then it is also of class DL, meaning that for each fixed time, the values at stopping times up to that time are uniformly integrable.","ProbabilityTheory.ClassD.classDL.{u_1, u_2, u_3} {ι : Type u_1} {Ω : Type u_2} {E : Type u_3} [NormedAddCommGroup E]
  {mΩ : MeasurableSpace Ω} {P : MeasureTheory.Measure Ω} [Preorder ι] [Nonempty ι] [MeasurableSpace ι]
  {𝓕 : MeasureTheory.Filtration ι mΩ} {X : ι → Ω → E} (hX : ProbabilityTheory.ClassD X 𝓕 P) :
  ProbabilityTheory.ClassDL X 𝓕 P",Informal,On an Optimal Stopping Problem with a Discontinuous Reward,2311.03538,3.2,"A stochastic process is of class (D) if the set of its values at all finite stopping times is uniformly integrable, and it is of class (DL) if this uniform integrability holds when considering only stopping times up to any fixed time.","A right-continuous adapted process $X=\lbrace X_t\rbrace_{t\geq 0}$ defined on a filtered probability space $\lbrace \Omega, \mathcal{F},\lbrace \mathcal{F}_t\rbrace_{t\geq 0},\mathbb{P}\rbrace$ is said to be \begin{itemize} \item of \textit{class (D)} if $\lbrace X_{\tau}, \tau\in\mathcal{T}_{0,\infty}\rbrace$ is uniformly integrable; \item of \textit{class (DL)} if for each $t \geq 0$, $\lbrace X_{\tau}, \tau\in\mathcal{T}_{0,t}\rbrace$ is uniformly integrable. \end{itemize}",Open,,,,,,,,,draft1-fi-033,primary,4d7e862d64a54b9139fbf9bc874ed91be279cc4015497e7430441410ff0fdf11,/p/b3580834b039c0958ee6e150.html
not started,Formal expert,Formal / informal,Formal,ProbabilityTheory.entropy_pair_le_add,PFR.ForMathlib.Entropy.Basic,PFR/ForMathlib/Entropy/Basic.lean,The entropy of a pair of random variables is less than or equal to the sum of their individual entropies. This means that the total uncertainty in two variables together does not exceed the sum of their separate uncertainties.,"ProbabilityTheory.entropy_pair_le_add.{u_1, u_2, u_3} {Ω : Type u_1} {S : Type u_2} {T : Type u_3}
  [mΩ : MeasurableSpace Ω] [MeasurableSpace S] {X : Ω → S} {Y : Ω → T} [MeasurableSpace T] [MeasurableSingletonClass S]
  [MeasurableSingletonClass T] (hX : Measurable X) (hY : Measurable Y) (μ : MeasureTheory.Measure Ω) [FiniteRange X]
  [FiniteRange Y] : H[⟨X, Y⟩; μ] ≤ H[X; μ] + H[Y; μ]",Informal,Quantum versus Classical Separation in Simultaneous Number-on-Forehead Communication,2506.16804,2.2,"The total entropy of a group of random variables is less than or equal to the sum of their individual entropies. This means that when variables are considered together, their combined uncertainty does not exceed the sum of their separate uncertainties.","For a list of random variables \(\boldsymbol{X}_1, \boldsymbol{X}_2, \ldots, \boldsymbol{X}_d\), we have: \[ \mathbf{H}(\boldsymbol{X}_1, \boldsymbol{X}_2, \ldots, \boldsymbol{X}_d) \leq \sum_{i=1}^{d} \mathbf{H}(\boldsymbol{X}_i). \]",Open,,,,,,,,,draft1-fi-034,primary,1aac74068399ce8ff38828b9d620b0e117817df41797775dca10bb9f97dedf24,/p/c247f76f3feeedd51f7cb900.html
not started,Formal expert,Formal / informal,Formal,Matrix.gram,Mathlib.Analysis.InnerProductSpace.GramMatrix,,The Gram matrix is formed by taking a set of vectors and setting each matrix entry to be the inner product of the corresponding pair of vectors. It is represented as a square matrix where both rows and columns are indexed by the same type. The matrix entries belong to the scalar field associated with the inner product space.,"Matrix.gram.{u_1, u_2, u_5} {E : Type u_1} {n : Type u_2} (𝕜 : Type u_5) [Inner 𝕜 E] (v : n → E) : Matrix n n 𝕜",Informal,Differentiable Information Bottleneck for Deterministic Multi-view Clustering,2403.15681,2,"The Gram matrix is a square matrix where each entry is the inner product of a pair of vectors from a given set, so the entry in row i and column j is the inner product of the i-th and j-th vectors.","Given a set of vectors $\{v_i\}_{i=1}^n$ in an inner product space, the Gram matrix $G$ is defined as an $n\times n$ matrix with entries \begin{equation} \scriptsize \begin{aligned} & G_{ij}=<v_i, v_j> \\ \end{aligned} \end{equation} where $<v_i, v_j>$ denotes the inner product of vectors $v_i$ and $v_j$.",Open,,,,,,,,,draft1-fi-035,primary,34823adc6015407331b483546c8f4865f83b20655007663c6b7de655906684a8,/p/c4cff67eef0f47a7d7ce263f.html
not started,Informal reviewer,Formal / informal,Informal,The Polynomial Freiman-Ruzsa Conjecture,teorth/pfr,3.25,"For random variables X, Y, Z in an abelian group of characteristic 2, with Y and Z independent, the difference in Ruzsa distances involving X and the sum Y+Z is bounded above by an expression involving the entropies of Y and Z and their Ruzsa distance. Specifically, the increase in distance when replacing Y with Y+Z or conditioning on Y+Z is controlled by half the Ruzsa distance between Y and Z plus a quarter of the difference in their entropies.","Let $X, Y, Z$ be random variables taking values in some abelian group of characteristic $2$, and with $Y, Z$ independent. Then we have \begin{align}\nonumber d[X ; Y + Z] -d[X ; Y] & \leq \tfrac{1}{2} (\mathbb{H}[Y+ Z] - \mathbb{H}[Y]) \\ & = \tfrac{1}{2} d[Y; Z] + \tfrac{1}{4} \mathbb{H}[Z] - \tfrac{1}{4} \mathbb{H}[Y]. \end{align} and \begin{align}\nonumber d[X ;Y|Y+ Z] - d[X ;Y] & \leq \tfrac{1}{2} \bigl(\mathbb{H}[Y+ Z] - \mathbb{H}[Z]\bigr) \\ & = \tfrac{1}{2} d[Y;Z] + \tfrac{1}{4} \mathbb{H}[Y] - \tfrac{1}{4} \mathbb{H}[Z]. \end{align}",Formal,comparison_of_ruzsa_distances,PFR.ForMathlib.Entropy.RuzsaDist,PFR/ForMathlib/Entropy/RuzsaDist.lean,"For random variables X, Y, and Z taking values in a countable abelian group, if Y and Z are independent, then the difference in Ruzsa distances between X and the sum Y+Z versus X and Y alone is bounded above by half the difference in their entropies; additionally, for any element a in the group as a module over Z/2Z, the entropy difference H(Y+Z) - H(Y) equals the Ruzsa distance between Y and Z plus half the entropy of Z minus half the entropy of Y.","comparison_of_ruzsa_distances.{u_1, u_2, u_5} {Ω : Type u_1} {Ω' : Type u_2} {G : Type u_5} [mΩ : MeasurableSpace Ω]
  (μ : MeasureTheory.Measure Ω) [mΩ' : MeasurableSpace Ω'] {μ' : MeasureTheory.Measure Ω'} [hG : MeasurableSpace G]
  [AddCommGroup G] [Countable G] [MeasurableSingletonClass G] [MeasureTheory.IsProbabilityMeasure μ]
  [MeasureTheory.IsProbabilityMeasure μ'] {X : Ω → G} {Y Z : Ω' → G} (hX : Measurable X) (hY : Measurable Y)
  (hZ : Measurable Z) (h : ProbabilityTheory.IndepFun Y Z μ') [FiniteRange X] [FiniteRange Z] [FiniteRange Y] :
  d[X; μ # Y + Z; μ'] - d[X; μ # Y; μ'] ≤ (H[Y + Z; μ'] - H[Y; μ']) / 2 ∧
    ∀ (a : Module (ZMod 2) G), H[Y + Z; μ'] - H[Y; μ'] = d[Y; μ' # Z; μ'] + H[Z; μ'] / 2 - H[Y; μ'] / 2",Open,,,,,,,,,draft1-fi-036,primary,a4af2ee31630bb4579887aeaff842e325e7648bed20fffec053353951f427ec2,/p/92afb853042c102ffe2280c3.html
not started,Formal expert,Formal / informal,Formal,ProbabilityTheory.mutual_comp_comp_le,PFR.ForMathlib.Entropy.Basic,PFR/ForMathlib/Entropy/Basic.lean,"If X and Y are random variables and f, g are measurable functions, then the mutual information between f(X) and g(Y) is less than or equal to the mutual information between X and Y. This means that applying functions to random variables cannot increase their mutual information.","ProbabilityTheory.mutual_comp_comp_le.{uΩ, uS, uT, uU, uV} {Ω : Type uΩ} {S : Type uS} {T : Type uT} {U : Type uU}
  {V : Type uV} [mΩ : MeasurableSpace Ω] [MeasurableSpace S] [MeasurableSpace T] [MeasurableSpace U] [MeasurableSpace V]
  [Countable S] [Countable T] [Countable V] [MeasurableSingletonClass S] [MeasurableSingletonClass T]
  [MeasurableSingletonClass U] [MeasurableSingletonClass V] {X : Ω → S} {Y : Ω → T} [Countable U]
  (μ : MeasureTheory.Measure Ω) [MeasureTheory.IsProbabilityMeasure μ] (hX : Measurable X) (hY : Measurable Y)
  (f : S → U) (g : T → V) (hg : Measurable g) [FiniteRange X] [FiniteRange Y] : I[f ∘ X : g ∘ Y ; μ] ≤ I[X : Y ; μ]",Informal,Double variational principle for mean dimension with potential,1901.05628,2.2,"If X and Y are random variables and f is a measurable function, then the mutual information between X and f(Y) is less than or equal to the mutual information between X and Y. This means processing Y cannot increase the information that Y provides about X.",Let $X$ and $Y$ be random variables taking values in measurable spaces $\mathcal{X}$ and $\mathcal{Y}$ respectively. If $f:\mathcal{Y}\to \mathcal{Z}$ is a measurable map then $I(X; f(Y)) \leq I(X;Y)$.,Open,,,,,,,,,draft1-fi-037,primary,b17b099a39c22d16357c68b5e580670cc11cedb0888e137244b5da7cb33dbab9,/p/daaa6764f735f50d5cef1426.html
not started,Formal expert,Formal / informal,Formal,MeasureTheory.tendstoInMeasure_iff_tendsto_Lp_finite,Mathlib.MeasureTheory.Function.UniformIntegrable,,"A sequence of functions converges to a function g in the Lp norm if and only if the sequence is uniformly integrable and converges to g in measure, assuming the measure is finite and p is a real number between 1 and infinity.","MeasureTheory.tendstoInMeasure_iff_tendsto_Lp_finite.{u_1, u_2} {α : Type u_1} {β : Type u_2} {m : MeasurableSpace α}
  {μ : MeasureTheory.Measure α} [NormedAddCommGroup β] {p : ENNReal} {f : ℕ → α → β} {g : α → β}
  [MeasureTheory.IsFiniteMeasure μ] (hp : 1 ≤ p) (hp' : p ≠ ⊤) (hf : ∀ (n : ℕ), MeasureTheory.MemLp (f n) p μ)
  (hg : MeasureTheory.MemLp g p μ) :
  MeasureTheory.TendstoInMeasure μ f Filter.atTop g ∧ MeasureTheory.UnifIntegrable f p μ ↔
    Filter.Tendsto (fun n => MeasureTheory.eLpNorm (f n - g) p μ) Filter.atTop (nhds 0)",Informal,Extremizers for Fourier restriction inequalities: convex arcs,1210.0583,19,A sequence of functions converges in the Lp norm on a finite measure space if and only if it converges in measure and the sequence is uniformly integrable of order p.,"Suppose $\mu(X)<\infty$, and let $p\in [1,\infty)$. Let $\{f_n\}$ be a sequence in $L^p(X)$ and let $f\in L^p(X)$. The sequence $\{f_n\}$ converges to $f$ in $L^p$ if (and only if) the following two conditions are satisfied: \begin{itemize} \item[(i)] The sequence $\{f_n\}$ converges in measure to $f$; \item[(ii)] The family $\{f_n: n\in\mathbb{N}\}$ is uniformly integrable of order $p$. \end{itemize}",Open,,,,,,,,,draft1-fi-038,primary,c26554c444a132aa02473f71d0e27e8e9e50017d5f0e85f80a7a826acd63b942,/p/989598d4b25273b7cfa61ed8.html
not started,Formal expert,Formal / informal,Formal,MeasureTheory.IsStoppingTime,Mathlib.Probability.Process.Stopping,,"A stopping time is a rule for deciding when to stop a process such that at any time i, the decision to stop by then depends only on the information available up to time i. This means the set of outcomes where the stopping time is no later than i must be measurable with respect to the sigma-algebra at time i. The stopping time is formalized as a function from a measurable space Ω into extended time values, where the filtration represents the flow of information.","MeasureTheory.IsStoppingTime.{u_1, u_3} {Ω : Type u_1} {ι : Type u_3} {m : MeasurableSpace Ω} [Preorder ι]
  (f : MeasureTheory.Filtration ι m) (τ : Ω → WithTop ι) : Prop",Informal,Positive operators and maximal operators in a filtered measure space,1204.6600,2.2,"A stopping time is a rule that decides when to stop based on information available up to each time step, such that the event of stopping by any given time is measurable with respect to the information at that time.","Let $(\Omega,{\mathcal F},\mu;({\mathcal F}_i)_{i\in{\mathbb Z}})$ be a $\sigma$-finite filtered measure space. Then a function $\tau:\,\Omega\rightarrow\{-\infty\}\cup{\mathbb Z}\cup\{+\infty\}$ is called a stopping time if for any $i\in{\mathbb Z}$ $$ \{\tau\le i\} = \{\omega\in\Omega:\,\tau(\omega)\le i\} \in{\mathcal F}_i. $$",Open,,,,,,,,,draft1-fi-039,primary,638130071e6b1e2544b6cf9dffb7edc4ea352ed6773b63c6c8404e49134476a1,/p/6622466dbc93a8f05174a0de.html
not started,Formal expert,Formal / informal,Formal,ModularForm.dimension_level_one,SpherePacking.ModularForms.DimensionFormulas,SpherePacking/ModularForms/DimensionFormulas.lean,"The dimension of the space of modular forms of weight k for the full modular group is equal to the floor of k divided by 12, plus 1 if k minus 2 is divisible by 12, and k is an even integer at least 3.","ModularForm.dimension_level_one (k : ℕ) (hk : 3 ≤ ↑k) (hk2 : Even k) :
  Module.rank ℂ (ModularForm (Subgroup.map (Matrix.SpecialLinearGroup.mapGL ℝ) (CongruenceSubgroup.Gamma 1)) ↑k) =
    ↑(if 12 ∣ ↑k - 2 then ⌊↑k / 12⌋₊ else ⌊↑k / 12⌋₊ + 1)",Informal,Wild Stacky Curves and Rings of Mod p Modular Forms,2510.08821,2.1,"The dimension of the space of modular forms of weight k is equal to the floor of k divided by 12, except when k leaves a remainder of 1 when divided by 12, in which case the dimension is one less than that value.","For any $k\geq 0$, $$ \dim\mathcal{M}_{k} = \begin{cases} \displaystyle\left\lfloor\frac{k}{12}\right\rfloor, & k\equiv 1\pmod{12}\\[1.5em] \displaystyle\left\lfloor\frac{k}{12}\right\rfloor + 1, & k\not\equiv 1\pmod{12}. \end{cases} $$",Open,,,,,,,,,draft1-fi-040,primary,59adc6af073bd7a3d57d63283638ce19a0a24ba5582eeccf8bbbefbbfceeeaa6,/p/2b95e96152617e65952e9e9c.html
not started,Informal reviewer,Formal / informal,Informal,Sphere Packing in Dimension 8,thefundamentaltheor3m/Sphere-Packing-Lean,1.17,The maximum possible density of sphere packings in 8-dimensional space is achieved by the E8 lattice packing.,\uses{corollary:upper-bound-E8} $\Delta_8 = \Delta_{E_8}$.,Formal,SpherePacking.SpherePackingConstant_le_E8Packing_density,SpherePacking.Dim8.UpperBound,SpherePacking/Dim8/UpperBound.lean,"The highest possible density of sphere packings in 8-dimensional space is no greater than the density achieved by the E8 lattice packing. This means the E8 arrangement is at least as efficient as any other way to pack spheres in 8 dimensions. The result compares the theoretical maximum density to that of a specific, highly symmetric packing pattern.",SpherePacking.SpherePackingConstant_le_E8Packing_density : SpherePackingConstant 8 ≤ E8Packing.density,Open,,,,,,,,,draft1-fi-041,primary,1734f5a8c8b0f2f12c8df29772e23247d10774e858aab867a79387a9f02aca07,/p/00c73aa85c4411ae3a417d58.html
not started,Formal expert,Formal / informal,Formal,ProbabilityTheory.IsMarkovKernel,Mathlib.Probability.Kernel.Defs,,"A Markov kernel is a function that assigns to each point in one measurable space a probability measure on another measurable space, such that for every measurable set, the resulting function on the first space is measurable. Each measure it produces must assign total size 1 to the whole space, making it a probability measure. This ensures the kernel models probabilistic transitions where outcomes are uncertain but probabilities add up to 1.","ProbabilityTheory.IsMarkovKernel.{u_1, u_2} {α : Type u_1} {β : Type u_2} {mα : MeasurableSpace α}
  {mβ : MeasurableSpace β} (κ : ProbabilityTheory.Kernel α β) : Prop",Informal,"Compositional statistical mechanics, entropy and variational inference",2403.16104,1,"A Markov kernel is a function that assigns to each point in one space a probability measure on another space, such that for every measurable set, the function's value depends on the input in a measurable way, and the total probability assigned is always one.","A Markov kernel $k$ from the measurable space $(E,\mathcal{E})$ to the measurable space $(E_1,\mathcal{E}_1)$ is a function $k:\mathcal{E}_1\times E \to [0,1]$ such that \begin{enumerate} \item $\forall \omega\in E$, $k(.\vert \omega)$ is a measure on $E_1$ \item $\forall A\in \mathcal{E}_1$, $k(A\vert .)$ is a measurable map from $E$ to $\mathbb{R}$ \item $\forall \omega \in E$, $k(E_1\vert \omega)=1$, i.e., $k(.\vert \omega)$ is a probability measure. \end{enumerate}",Open,,,,,,,,,draft1-fi-042,primary,c87edf22c28772263d6f3e3ebb90eda743c51d54f67fc424155bf7b5c63ae870,/p/73d96f12017dd9f5cfdb56ac.html
not started,Formal expert,Formal / informal,Formal,ProbabilityTheory.mutualInfo,PFR.ForMathlib.Entropy.Basic,PFR/ForMathlib/Entropy/Basic.lean,The mutual information of two random variables X and Y is calculated as the sum of their individual entropies minus the entropy of their joint distribution. It measures how much knowing one variable reduces uncertainty about the other. This value is expressed as a real number derived from the underlying probability measure.,"ProbabilityTheory.mutualInfo.{u_1, u_2, u_3} {Ω : Type u_1} {S : Type u_2} {T : Type u_3} [mΩ : MeasurableSpace Ω]
  [MeasurableSpace S] [MeasurableSpace T] (X : Ω → S) (Y : Ω → T) (μ : MeasureTheory.Measure Ω := by volume_tac) : ℝ",Informal,Simulating Noisy Channel Interaction,1409.4290,2.12,"The mutual information between two random variables X and Y measures how much knowing one variable reduces uncertainty about the other. It is calculated as the difference between the entropy of one variable and its conditional entropy given the other. This value is symmetric, meaning it does not matter which variable is considered first. Mutual information is always non-negative and increases with the strength of the relationship between the variables.",The \emph{mutual information} between two random variables $X$ and $Y$ is defined as $I(X;Y) = H(X) - H(X|Y) = H(Y) - H(Y|X)$.,Open,,,,,,,,,draft1-fi-043,primary,62e8588f04e4bc47fb1c4f15ba5dcaaa95e9bbafb2d2df1357ade970fe9d6d49,/p/884f9056094d77fd3b0e6e24.html
not started,Formal expert,Formal / informal,Formal,ProbabilityTheory.condMutualInfo,PFR.ForMathlib.Entropy.Basic,PFR/ForMathlib/Entropy/Basic.lean,"The conditional mutual information I[X : Y | Z] measures how much knowing the value of X reduces uncertainty about Y, given that the value of Z is already known, by averaging the mutual information of X and Y over each possible value of Z. It is computed using the joint distribution of X and Y conditioned on Z, then integrated with respect to the distribution of Z. This relies on measurable functions and probability measures to define the distributions involved.","ProbabilityTheory.condMutualInfo.{u_1, u_2, u_3, u_4} {Ω : Type u_1} {S : Type u_2} {T : Type u_3} {U : Type u_4}
  [mΩ : MeasurableSpace Ω] [MeasurableSpace S] [MeasurableSpace U] [MeasurableSpace T] (X : Ω → S) (Y : Ω → T)
  (Z : Ω → U) (μ : MeasureTheory.Measure Ω := by volume_tac) : ℝ",Informal,Information Theoretic Analysis of PUF-Based Tamper Protection,2502.03221,,"The conditional mutual information I(X;Y|Z) measures how much knowing Y reduces uncertainty about X when Z is known, averaged over all possible values of Z. It is calculated as a weighted sum or integral of the mutual information between X and Y given each value of Z, using probabilities or densities of Z. The definition uses entropy for discrete X and differential entropy for continuous X. This quantity extends mutual information to cases where another variable Z provides background context.","The mutual information $I(X;Y|Z=c)$ between two random variables $X$ and $Y$ conditioned on a discrete random variable $Z$ taking the value $c$ is defined by \begin{equation} I(X;Y|Z=c) \vcentcolon= H(X|Z=c) - H(X|Y,Z=c) \end{equation} if $X$ is discrete and \begin{equation} I(X;Y|Z=c) \vcentcolon= h(X|Z=c) - h(X|Y,Z=c) \end{equation} if $X$ is continuous. Similar to Definition~\ref{def:disc_entropy} we define \begin{equation} I(X;Y|Z)\vcentcolon= \sum_{c\in \supp(P_Z)} P_Z(c)\, I(X;Y|Z=c) \enspace . \end{equation} For continuous $Z$ with pdf $f_Z$ we define \begin{equation} I(X;Y|Z) = \int_{c\in \supp(f_Z)} f_Z(c)\, I(X;Y|Z=c) \diff c \enspace . \end{equation}",Open,,,,,,,,,draft1-fi-044,primary,92d114e30c3c5cb8decf728afa42b37cd4804fcb027207a81bc1eb5889d13014,/p/c77fdd9149bac604a161b773.html
not started,Formal expert,Formal / informal,Formal,ProbabilityTheory.ClassD,BrownianMotion.StochasticIntegral.ClassD,BrownianMotion/StochasticIntegral/ClassD.lean,"A stochastic process X is of class D if it is adapted to a filtration and the collection of its values at all finite stopping times is uniformly integrable. This means that the process does not exhibit extreme behavior when sampled at random times, ensuring certain convergence properties in stochastic analysis. The definition requires X to be indexed over a nonempty preorder, take values in a normed group, and be measurable with respect to a given filtered probability space.","ProbabilityTheory.ClassD.{u_1, u_2, u_3} {ι : Type u_1} {Ω : Type u_2} {E : Type u_3} [NormedAddCommGroup E]
  {mΩ : MeasurableSpace Ω} [Preorder ι] [Nonempty ι] [MeasurableSpace ι] (X : ι → Ω → E)
  (𝓕 : MeasureTheory.Filtration ι mΩ) (P : MeasureTheory.Measure Ω) : Prop",Informal,"Poisson equation with measure data, reconstruction formula and Doob classes of processes",2403.04543,4.6,A stochastic process is of class (D) if the set of its values at all finite stopping times is uniformly integrable with respect to a given filtration. This means the process does not exhibit extreme behavior when stopped at random times. The condition ensures certain convergence properties in probability theory.,Let $({\mathcal G}_t)_{t\ge0}$ be a filtration. A $({\mathcal G}_t)_{t\ge0}$-adapted stochastic process $Y$ is of class (D) if the collection $\{Y_{\tau}: \tau$ a finite valued $({\mathcal G}_t)_{t\ge0}$-stopping time\} is uniformly integrable.,Open,,,,,,,,,draft1-fi-045,primary,d26b29d4d0c218910c72888affd1e1210e5e2aa9b1b666101d08acce17122927,/p/4320a1458d6580447a3a6b05.html
not started,Formal expert,Formal / informal,Formal,ProbabilityTheory.mutualInfo,PFR.ForMathlib.Entropy.Basic,PFR/ForMathlib/Entropy/Basic.lean,The mutual information of two random variables X and Y is calculated as the sum of their individual entropies minus the entropy of their joint distribution. It measures how much knowing one variable reduces uncertainty about the other. This value is expressed as a real number derived from the underlying probability measure.,"ProbabilityTheory.mutualInfo.{u_1, u_2, u_3} {Ω : Type u_1} {S : Type u_2} {T : Type u_3} [mΩ : MeasurableSpace Ω]
  [MeasurableSpace S] [MeasurableSpace T] (X : Ω → S) (Y : Ω → T) (μ : MeasureTheory.Measure Ω := by volume_tac) : ℝ",Informal,On Simultaneous Two-player Combinatorial Auctions,1704.03547,9.3,"The mutual information between two random variables X and Y measures how much knowing one variable reduces uncertainty about the other. It is calculated as the difference between the entropy of one variable and its conditional entropy given the other. This value is symmetric, meaning it does not matter which variable is considered first. Mutual information is always non-negative and increases with the dependence between the variables.",The \emph{mutual information} between two random variables $X$ and $Y$ is defined as $I(X;Y) = H(X) - H(X|Y) = H(Y) - H(Y|X)$.,Open,,,,,,,,,draft1-fi-046,primary,aa7a62655ec6a5d37242bffa65acaacdc7d3e1baab220f88fcd53ce2e32a70bb,/p/6a9780421ea8963516d9b52f.html
not started,Informal reviewer,Formal / informal,Informal,The Polynomial Freiman-Ruzsa Conjecture,teorth/pfr,2.1,"The entropy of a random variable is the sum over all possible values of the probability of each value times the logarithm of the reciprocal of that probability, where zero probability terms are treated as zero. It measures the average uncertainty or information content associated with the variable's outcomes.","If $X$ is an $S$-valued random variable, the entropy $\mathbb{H}[X]$ of $X$ is defined $$ \mathbb{H}[X] := \sum_{s \in S} \mathbb{P}[X=x] \log \frac{1}{\mathbb{P}[X=x]}$$ with the convention that $0 \log \frac{1}{0} = 0$.",Formal,ProbabilityTheory.entropy_eq_sum,PFR.ForMathlib.Entropy.Basic,PFR/ForMathlib/Entropy/Basic.lean,"The entropy of a random variable X is the sum over all possible values x of the probability that X equals x, multiplied by the negative logarithm of that probability. This measures the average uncertainty or information content of the outcomes. The formula uses the pushforward measure of X to compute probabilities and defines the sum using standard infinite summation rules.","ProbabilityTheory.entropy_eq_sum.{u_1, u_2} {Ω : Type u_1} {S : Type u_2} [mΩ : MeasurableSpace Ω] [MeasurableSpace S]
  {X : Ω → S} (μ : MeasureTheory.Measure Ω) [MeasureTheory.IsZeroOrProbabilityMeasure μ] :
  H[X; μ] = ∑' (x : S), ((MeasureTheory.Measure.map X μ).real {x}).negMulLog",Open,,,,,,,,,draft1-fi-047,primary,49474780a1210f073db6ff3f7cdf37a65ad6b64ae77fcd8687e6f16fd502d85b,/p/de3cde595cb857a387380ebf.html
not started,Informal reviewer,Formal / informal,Informal,The Polynomial Freiman-Ruzsa Conjecture,teorth/pfr,2.11,"The conditional entropy of a random variable X given another random variable Y is the average entropy of X after accounting for the value of Y, calculated by summing the entropies of X given each possible value of Y, weighted by the probability of each Y value.","\uses{entropy-def,condition-event-def} If $X: \Omega \to S$ and $Y: \Omega \to T$ are random variables, the conditional entropy $\mathbb{H}[X|Y]$ is defined as $$ \mathbb{H}[X|Y] := \sum_{y \in Y} \mathbb{P}[Y = y] \mathbb{H}[(X | Y=y)].$$",Formal,ProbabilityTheory.condEntropy_eq_sum,PFR.ForMathlib.Entropy.Basic,PFR/ForMathlib/Entropy/Basic.lean,"The conditional entropy of X given Y equals the sum over all possible values y of Y, where each term is the probability that Y equals y multiplied by the entropy of X given that Y is fixed to y. This expresses the average uncertainty in X when Y is known, by averaging the conditional uncertainties weighted by the likelihood of each Y value. The result is a real number representing the expected remaining randomness in X after observing Y.","ProbabilityTheory.condEntropy_eq_sum.{u_1, u_2, u_3} {Ω : Type u_1} {S : Type u_2} {T : Type u_3}
  [mΩ : MeasurableSpace Ω] [MeasurableSpace S] [MeasurableSpace T] [MeasurableSingletonClass T] (X : Ω → S) (Y : Ω → T)
  (μ : MeasureTheory.Measure Ω) [MeasureTheory.IsFiniteMeasure μ] (hY : Measurable Y) [FiniteRange Y] :
  H[X | Y ; μ] = ∑ y ∈ FiniteRange.toFinset Y, (MeasureTheory.Measure.map Y μ).real {y} * H[X | Y ← y; μ]",Open,,,,,,,,,draft1-fi-048,primary,a0bbbae80411d844c6dfd205277c228d7d031e734d418f9f36d8f4c2208eb1a6,/p/6a37400179e870b15afdbe87.html
not started,Formal expert,Formal / informal,Formal,ProbabilityTheory.mutualInfo_nonneg,PFR.ForMathlib.Entropy.Basic,PFR/ForMathlib/Entropy/Basic.lean,The mutual information between two random variables is always greater than or equal to zero. This means that knowing one variable never increases uncertainty about the other; it either reduces uncertainty or leaves it unchanged. The result holds for discrete random variables with finite range under a given probability measure.,"ProbabilityTheory.mutualInfo_nonneg.{u_1, u_2, u_3} {Ω : Type u_1} {S : Type u_2} {T : Type u_3}
  [mΩ : MeasurableSpace Ω] [MeasurableSpace S] {X : Ω → S} {Y : Ω → T} [MeasurableSpace T] [MeasurableSingletonClass S]
  [MeasurableSingletonClass T] (hX : Measurable X) (hY : Measurable Y) (μ : MeasureTheory.Measure Ω) [FiniteRange X]
  [FiniteRange Y] : 0 ≤ I[X : Y ; μ]",Informal,Detecting Out-of-Distribution Samples via Conditional Distribution Entropy with Optimal Transport,2401.11726,6.4,"The mutual information between two discrete random variables is always greater than or equal to zero, meaning they share at least no information in common. This result follows from the convexity of the negative logarithm and Jensen's inequality applied to the probability distributions of the variables.","The mutual information of two discrete random variables is non-negative, i.e., $I(U,V)\geq 0$. \begin{proof} To rewrite the formulation of mutual information as \[I(U,V)=-\sum_{u,v}\pi(u,v)log\frac{\pi(u)\pi(v)}{\pi(u,v)}\] Since the negative logarithm is convex and $\sum_{u,v}\pi(u,v)=1$, applying the \textit{Jensen Inequality}, we can have, \[I(U,V)\geq -log\sum_{u,v} \pi(u,v)\frac {\pi(u)\pi(v)}{\pi(u,v)}=0\] \end{proof}",Open,,,,,,,,,draft1-fi-049,primary,bdb98f1e3bb8fa4e7f3398781fc9e6f1cb164b4f3d07e9369460af045a1755f2,/p/42c75ba21afa86858809f2d2.html
not started,Formal expert,Formal / informal,Formal,Metric.coveringNumber_subset_le,Mathlib.Topology.MetricSpace.CoveringNumbers,,"If set A is contained in set B, then the minimum number of balls of radius ε needed to cover A is at most the number of balls of radius ε/2 needed to cover B.","Metric.coveringNumber_subset_le.{u_1} {X : Type u_1} [PseudoEMetricSpace X] {A B : Set X} {ε : NNReal} (h : A ⊆ B) :
  Metric.coveringNumber ε A ≤ Metric.coveringNumber (ε / 2) B",Informal,Sketching for Large-Scale Learning of Mixture Models,1606.02838,I.3,"The number of balls of radius epsilon needed to cover set A is at most the number of balls of radius epsilon over 2 needed to cover set B, when A is contained in B within a metric space.","Let $A \subseteq B \subseteq X$ be subsets of a metric space $(X,d)$, and $\epsilon>0$. Then, \begin{equation} N_{A,d}(\epsilon) \leq N_{B,d}(\epsilon/2). \end{equation}",Open,,,,,,,,,draft1-fi-050,primary,8af6e71669a6fa831a4a0d1081b2d7218415eaf921b69d2c3135159c62ebf3c2,/p/41b977bb76fd26b8a8b6080c.html
not started,Formal expert,Formal / informal,Formal,ProbabilityTheory.mutualInfo_eq_zero,PFR.ForMathlib.Entropy.Basic,PFR/ForMathlib/Entropy/Basic.lean,The mutual information between two random variables X and Y is zero if and only if X and Y are independent. This means that knowing the value of one variable gives no information about the other. The result holds for finite-range measurable functions on a probability space.,"ProbabilityTheory.mutualInfo_eq_zero.{u_1, u_2, u_3} {Ω : Type u_1} {S : Type u_2} {T : Type u_3}
  [mΩ : MeasurableSpace Ω] [MeasurableSpace S] {X : Ω → S} {Y : Ω → T} [MeasurableSpace T] [MeasurableSingletonClass S]
  [MeasurableSingletonClass T] (hX : Measurable X) (hY : Measurable Y) {μ : MeasureTheory.Measure Ω}
  [MeasureTheory.IsZeroOrProbabilityMeasure μ] [FiniteRange X] [FiniteRange Y] :
  I[X : Y ; μ] = 0 ↔ ProbabilityTheory.IndepFun X Y μ",Informal,Information and Search in Computer Chess,1112.2149,8,The mutual information between X and Y is zero if and only if X and Y are independent.,"\begin{equation} I_{X,Y} = 0 \end{equation} if any only if X and Y are independent variables.",Open,,,,,,,,,draft1-fi-051,primary,e5db3474df715d56e1aee4d88c77e056b347c722e68e2e2060d4eaf059e240ce,/p/7cc3e9857156094341a3dedb.html
not started,Formal expert,Formal / informal,Formal,MeasureTheory.IsProjectiveMeasureFamily,Mathlib.MeasureTheory.Constructions.Projective,,"A family of measures P on finite subsets of an index set ι is projective if, whenever J is a subset of I, the measure on the larger product space indexed by I pushes forward to the measure on the smaller product space indexed by J under the natural projection map. This means that for any measurable set in the smaller space, its measure under P J equals the measure of its preimage in the larger space under P I. The condition ensures consistency across different finite dimensions of the product spaces.","MeasureTheory.IsProjectiveMeasureFamily.{u_1, u_2} {ι : Type u_1} {α : ι → Type u_2} [(i : ι) → MeasurableSpace (α i)]
  (P : (J : Finset ι) → MeasureTheory.Measure ((j : ↥J) → α ↑j)) : Prop",Informal,A Formalization of the Ionescu-Tulcea Theorem in Mathlib,2506.18616,3.3,"A family of measures is projective if, whenever you have two finite sets of indices with one contained in the other, the measure on the smaller set is the pushforward of the measure on the larger set under the natural projection map. This means the measures are consistent with each other when restricting to smaller index sets.","Let $(X_i, \mathcal{A}_i)_{i \in \iota}$ be a family of measurable spaces. Assume that for any finite set $I \subseteq \iota$ we have a measure $\mu_I$ over $X^I$. The measure family $\mu$ is said to be \emph{projective} if for any finite subsets $J \subseteq I \subseteq \iota$ we have ${\pi_{I \to J}}_*\mu_I = \mu_J$.",Open,,,,,,,,,draft1-fi-052,primary,aeab27e93e6439cea8d7158686eb6b4674ba1357caffd58892724e33d438efb9,/p/7c7fc17e8b11419dab4d13d1.html
not started,Informal reviewer,Formal / informal,Informal,The Polynomial Freiman-Ruzsa Conjecture,teorth/pfr,2.11,"The conditional entropy of a random variable X given another random variable Y is the average entropy of X after accounting for the value of Y, calculated by summing the entropies of X given each possible value of Y, weighted by the probability of each Y value.","\uses{entropy-def,condition-event-def} If $X: \Omega \to S$ and $Y: \Omega \to T$ are random variables, the conditional entropy $\mathbb{H}[X|Y]$ is defined as $$ \mathbb{H}[X|Y] := \sum_{y \in Y} \mathbb{P}[Y = y] \mathbb{H}[(X | Y=y)].$$",Formal,ProbabilityTheory.condEntropy_def,PFR.ForMathlib.Entropy.Basic,PFR/ForMathlib/Entropy/Basic.lean,"The conditional entropy of a random variable X given another random variable Y is calculated by averaging the entropy of X conditioned on each possible value of Y, using the distribution of Y. This average is expressed as an integral with respect to the pushforward measure of Y. In simpler terms, it measures the expected uncertainty in X after observing Y.","ProbabilityTheory.condEntropy_def.{u_1, u_2, u_3} {Ω : Type u_1} {S : Type u_2} {T : Type u_3} [mΩ : MeasurableSpace Ω]
  [MeasurableSpace S] [MeasurableSpace T] (X : Ω → S) (Y : Ω → T) (μ : MeasureTheory.Measure Ω) :
  H[X | Y ; μ] = ∫ (x : T), (fun y => H[X | Y ← y; μ]) x ∂MeasureTheory.Measure.map Y μ",Open,,,,,,,,,draft1-fi-053,primary,4a6af85338e22fe34009c184da432d0bf0cae9d933eaab7387eeba1273af7c20,/p/7eca2d94be28e1a2d09d3ccd.html
not started,Informal reviewer,Formal / informal,Informal,Brownian motion project,RemyDegenne/brownian-motion,2.3.7,"If a stochastic process X satisfies a property P almost surely, then the sequence of stopping times defined to be infinity when P holds and zero otherwise forms a localizing sequence. This sequence helps localize the behavior of the process with respect to the property P.","\uses{def:localizingSequence} \leanok \lean{ProbabilityTheory.isLocalizingSequence_localizingSequenceOfProp} Let $P$ be a predicate on paths and suppose $X$ is a stochastic process satisfying $P$ a.s. Then, defining $$\tau_n(\omega) = \begin{cases} \infty & \text{if } X(\omega) \text{ satisfies } P \\ 0 & \text{otherwise} \end{cases} $$ for all $n \in \mathbb{N}$, the sequence $(\tau_n)_{n \in \mathbb{N}}$ is a localizing sequence.",Formal,ProbabilityTheory.LocalizingSequenceOfProp,BrownianMotion.StochasticIntegral.LocalizingSequence,BrownianMotion/StochasticIntegral/LocalizingSequence.lean,"For a stochastic process X and a property p that holds almost surely on its paths, the localizing sequence defines a stopping time that is infinite when the property p is satisfied, and finite otherwise, using a natural number-indexed sequence of stopping times.","ProbabilityTheory.LocalizingSequenceOfProp.{u_1, u_2, u_3} {ι : Type u_1} {Ω : Type u_2} {E : Type u_3} [LinearOrder ι]
  [OrderBot ι] (X : ι → Ω → E) (p : (ι → E) → Prop) : ℕ → Ω → WithTop ι",Open,,,,,,,,,draft1-fi-054,primary,7a4b6e26b9d0bd8cc9de35e3bc6b554349502f72df739b3bd35b9a121b15e739,/p/72dedea906e040527d4dbc68.html
not started,Formal expert,Formal / informal,Formal,ProbabilityTheory.IsLocalMartingale,BrownianMotion.StochasticIntegral.LocalMartingale,BrownianMotion/StochasticIntegral/LocalMartingale.lean,"A local martingale is a stochastic process where, for each point in time, there exists a sequence of stopping times increasing to infinity such that the process stopped at each of these times is a martingale. This means the process behaves like a fair game when observed up to certain well-chosen random times. The process takes values in a complete normed vector space and is adapted to a filtered probability space.","ProbabilityTheory.IsLocalMartingale.{u_1, u_2, u_3} {ι : Type u_1} {Ω : Type u_2} {E : Type u_3} [LinearOrder ι]
  [OrderBot ι] [TopologicalSpace ι] [OrderTopology ι] [NormedAddCommGroup E] [NormedSpace ℝ E] [CompleteSpace E]
  {mΩ : MeasurableSpace Ω} (X : ι → Ω → E) (𝓕 : MeasureTheory.Filtration ι mΩ)
  (P : MeasureTheory.Measure Ω := by volume_tac) : Prop",Informal,Stochastic Mechanics and the Unification of Quantum Mechanics with Brownian Motion,2301.05467,,"A local martingale is a stochastic process that becomes a martingale when stopped at a sequence of increasing times, where these stopping times eventually cover the entire time period with probability one. The process must be adapted to the filtration, and each stopped version must satisfy the martingale property. This allows certain non-martingales to behave like martingales locally in time.","{\rm (Local martingale)}\\ A stochastic process $X:\mathcal{T}\times(\Omega,\Sigma,\vec{\mathcal{F}},\mathbb{P})\rightarrow(\mathbb{R}^n,\mathcal{B}(\mathbb{R}^n))$ is a local martingale with respect to the past $\vec{\mathcal{F}}$, if $X$ is adapted to $\vec{\mathcal{F}}$ and there exists a sequence of stopping times $\tau_k:(\Omega,\Sigma,\vec{\mathcal{F}},\mathbb{P})\rightarrow(\mathcal{T},\mathcal{B}(\mathcal{T}))$ such that \begin{itemize} \item $\mathbb{P}(\tau_{k+1}>\tau_k) = 1\,$; \item $\mathbb{P}[\lim_{k\rightarrow\infty} \tau_k = \sup(\mathcal{T}) ] = 1\,$; \item the stopped process $X_{{\min\{t,\tau_k\}}}$ is a martingale with respect to $\vec{\mathcal{F}}$ for every $k\in\mathbb{N}\,$. \end{itemize}",Open,,,,,,,,,draft1-fi-055,primary,a7cdd985070b04d8f3432f2813d7e99cc4d30b4e7bb4910149f4244e3fc57d50,/p/1fd58f0da6f75dff2779847f.html
not started,Formal expert,Formal / informal,Formal,ProbabilityTheory.condMutualInfo,PFR.ForMathlib.Entropy.Basic,PFR/ForMathlib/Entropy/Basic.lean,"The conditional mutual information I[X : Y | Z] measures how much knowing the value of X reduces uncertainty about Y, given that the value of Z is already known, by averaging the mutual information of X and Y over each possible value of Z. It is computed using the joint distribution of X and Y conditioned on Z, then integrated with respect to the distribution of Z. This relies on measurable functions and probability measures to define the distributions involved.","ProbabilityTheory.condMutualInfo.{u_1, u_2, u_3, u_4} {Ω : Type u_1} {S : Type u_2} {T : Type u_3} {U : Type u_4}
  [mΩ : MeasurableSpace Ω] [MeasurableSpace S] [MeasurableSpace U] [MeasurableSpace T] (X : Ω → S) (Y : Ω → T)
  (Z : Ω → U) (μ : MeasureTheory.Measure Ω := by volume_tac) : ℝ",Informal,On the Round Complexity of the Shuffle Model,2009.13510,6.10,"The conditional mutual information of X and Y given Z is the average amount of information that X and Y share, after accounting for what is already known from Z. It measures how much knowing Y reduces uncertainty about X, when Z is already known. This value is computed by averaging the reduction in uncertainty over all possible values of Z.","Let $X,Y,Z$ be three random variables. The {\em conditional mutual information} of $X$ and $Y$ given $Z=z$ is $$ I(X;Y|Z=z) = H(X|Z=z) - H(X|Y,Z=z) $$ The {\em conditional mutual information} of $X$ and $Y$ given $Z$ is $$I(X;Y|Z)=\E_{Z}\Big[I(X;Y|Z=z)\Big].$$",Open,,,,,,,,,draft1-fi-056,primary,02e07c69df3f92f29d4b1e996d58000d9c6462e4191c4a90c500958e9b1732bc,/p/2f7b5c3e26be7bfe1700906a.html
not started,Informal reviewer,Formal / informal,Informal,Carleson operators on doubling metric measure spaces,fpvandoorn/carleson,11.1.9,"If x is a real number between -2 pi + eta and 2 pi - eta, with absolute value at least eta and eta positive, then the distance between 1 and the complex number e to the i x is at least 2 over pi times eta.",Let $\eta>0$ and $-2\pi +\eta \le x\le 2\pi-\eta$ with $|x|\ge \eta$. Then \begin{equation} |1-e^{ix}|\ge \frac{2}{\pi} \eta \end{equation},Formal,lower_secant_bound,Carleson.Classical.Basic,Carleson/Classical/Basic.lean,"If x is a real number between -2*pi + η and 2*pi - η, and the absolute value of x is at least η, then the distance between the complex number 1 and the point exp(i*x) on the unit circle is at least η/2.","lower_secant_bound {η x : ℝ} (xIcc : x ∈ Set.Icc (-2 * Real.pi + η) (2 * Real.pi - η)) (xAbs : η ≤ |x|) :
  η / 2 ≤ ‖1 - Complex.exp (Complex.I * ↑x)‖",Open,,,,,,,,,draft1-fi-057,primary,49d9fa2cfa1b16d7a699c16d0bbd95a4fa3abb8738ac3250cd416997c1305617,/p/b774c23f2f1861ff4cfc781c.html
not started,Formal expert,Formal / informal,Formal,ProbabilityTheory.entropy_submodular,PFR.ForMathlib.Entropy.Basic,PFR/ForMathlib/Entropy/Basic.lean,"The conditional entropy of X given both Y and Z is less than or equal to the conditional entropy of X given Z alone, meaning that adding more information (Y) cannot increase the uncertainty about X. This holds for discrete random variables X, Y, and Z defined on a common probability space with countable ranges.","ProbabilityTheory.entropy_submodular.{u_1, u_2, u_3, u_4} {Ω : Type u_1} {S : Type u_2} {T : Type u_3} {U : Type u_4}
  [mΩ : MeasurableSpace Ω] [MeasurableSpace S] [MeasurableSpace U] {X : Ω → S} {Y : Ω → T} {Z : Ω → U}
  (μ : MeasureTheory.Measure Ω) [MeasurableSpace T] [MeasurableSingletonClass S] [MeasurableSingletonClass T]
  [Countable U] [MeasurableSingletonClass U] [Countable S] [Countable T] [MeasureTheory.IsZeroOrProbabilityMeasure μ]
  (hX : Measurable X) (hY : Measurable Y) (hZ : Measurable Z) [FiniteRange X] [FiniteRange Y] [FiniteRange Z] :
  H[X | ⟨Y, Z⟩ ; μ] ≤ H[X | Z ; μ]",Informal,On LLM-Enhanced Mixed-Type Data Imputation with High-Order Message Passing,2501.02191,,"The conditional entropy of X given Y is at least as large as the conditional entropy of X given both Y and Z, meaning that knowing additional information from Z cannot increase uncertainty about X if Y already contains all information that Z provides. Equality holds when Z provides no new information beyond what is in Y. This result reflects how extra variables can reduce uncertainty in predictions only if they add independent information.","$H(X|Y) \geq H(X|Y, Z))$ and the equation get if the information of $Z$ is encoded in $Y$.",Open,,,,,,,,,draft1-fi-058,primary,3e451f192c1eb59cdc709f5a0f677a1978464193a3279ce9bfdb5a7669b87e64,/p/2faf741cf42c4efa9c08b550.html
not started,Formal expert,Formal / informal,Formal,rho_of_sum,PFR.RhoFunctional,PFR/RhoFunctional.lean,"If two random variables X and Y are independent, the rho value of their sum is at most the rho value of X plus half the difference between the entropy of their sum and the entropy of X.","rho_of_sum.{uG, u_1} {G : Type uG} [AddCommGroup G] [Finite G] [hGm : MeasurableSpace G] [DiscreteMeasurableSpace G]
  {Ω : Type u_1} [MeasurableSpace Ω] {μ : MeasureTheory.Measure Ω} {X Y : Ω → G} {A : Finset G}
  [MeasureTheory.IsZeroOrProbabilityMeasure μ] (hX : Measurable X) (hY : Measurable Y) (hA : A.Nonempty)
  (h_indep : ProbabilityTheory.IndepFun X Y μ) : ρ[X + Y ; μ # A] ≤ ρ[X ; μ # A] + (H[X + Y; μ] - H[X; μ]) / 2",Informal,The Polynomial Freiman-Ruzsa Conjecture,teorth/pfr,13.26,"If two independent random variables X and Y are added together, the rho value of their sum is at most half the sum of their individual rho values plus half their dependence measure d[X;Y].","If $X,Y$ are independent, then $$ \rho(X+Y) \leq \frac{1}{2}(\rho(X)+\rho(Y) + d[X;Y]).$$",Open,,,,,,,,,draft1-fi-059,primary,b87884f2482a922a673dc423689c6fd7a0df56bc00a1e05a96ba600ea370256c,/p/5831ae181b4d20a8f3fbb9da.html
not started,Informal reviewer,Formal / informal,Informal,The Polynomial Freiman-Ruzsa Conjecture,teorth/pfr,10.3,"If a finite set A in an abelian group has high additive energy relative to its size, then there exists a large subset A' of A such that the difference set A'−A' is small in size compared to A, with explicit bounds depending on the energy parameter K.","\uses{energy-def} Let $G$ be an abelian group, and let $A$ be a finite non-empty set with $E(A) \geq |A|^3 / K$ for some $K \geq 1$. Then there is a subset $A'$ of $A$ with $|A'| \geq |A| / (C_1 K^{C_2})$ and $|A'-A'| \leq C_3 K^{C_4} |A|$, where (provisionally) $$C_1 = 2^4, C_2 = 1, C_3 = 2^{10}, C_4 = 5.$$",Formal,BSG_self,AddCombi.BSG,AddCombi/BSG.lean,"If a finite set A in an abelian group has high additive energy relative to its size, then there exists a large subset A' of A such that the set of differences A' - A' is small in density. The size of A' and the bound on the density of its difference set depend explicitly on the energy and the density of A.","BSG_self.{u_1} {G : Type u_1} [AddCommGroup G] [Fintype G] [DecidableEq G] {A : Finset G} {K : ℝ} (hK : 0 ≤ K)
  (hA : A.Nonempty) (hAK : K⁻¹ * ↑A.dens ^ 3 ≤ ↑(A.addEnergy' A)) :
  ∃ A' ⊆ A, (2 ^ 4)⁻¹ * K⁻¹ * ↑A.dens ≤ ↑A'.dens ∧ ↑(A' - A').dens ≤ 2 ^ 10 * K ^ 5 * ↑A.dens",Open,,,,,,,,,draft1-fi-060,primary,ba84076186c7b5d90b258ca2dd3a6e95994e496a0a8bf2c6bfbb432176353b67,/p/338319098cc17f23b52e86e4.html
not started,Formal expert,Formal / informal,Formal,ProbabilityTheory.ent_of_cond_indep,PFR.ForMathlib.Entropy.Basic,PFR/ForMathlib/Entropy/Basic.lean,"If X and Y are conditionally independent given Z, then the joint entropy of X, Y, and Z equals the sum of the joint entropy of X and Z and the joint entropy of Y and Z, minus the entropy of Z.","ProbabilityTheory.ent_of_cond_indep.{u_1, u_2, u_3, u_4} {Ω : Type u_1} {S : Type u_2} {T : Type u_3} {U : Type u_4}
  [mΩ : MeasurableSpace Ω] [MeasurableSpace S] [MeasurableSpace U] {X : Ω → S} {Y : Ω → T} {Z : Ω → U}
  (μ : MeasureTheory.Measure Ω) [MeasurableSpace T] [MeasurableSingletonClass S] [MeasurableSingletonClass T]
  [Countable U] [MeasurableSingletonClass U] [Countable S] [Countable T] (hX : Measurable X) (hY : Measurable Y)
  (hZ : Measurable Z) (h : ProbabilityTheory.CondIndepFun X Y Z μ) [MeasureTheory.IsZeroOrProbabilityMeasure μ]
  [FiniteRange X] [FiniteRange Y] [FiniteRange Z] : H[⟨X, ⟨Y, Z⟩⟩; μ] = H[⟨X, Z⟩; μ] + H[⟨Y, Z⟩; μ] - H[Z; μ]",Informal,Evaluating Disentanglement of Structured Representations,2101.04041,5,"The joint conditional entropy of X and Y given Z equals the sum of the conditional entropy of X given Z and the conditional entropy of Y given Z, minus the conditional mutual information between X and Y given Z.","The following holds \[ H_K(X,Y|Z) = H_K(X|Z) + H_K(Y|Z) - I_K(X;Y|Z). \]",Open,,,,,,,,,draft1-fi-061,primary,935c314b07732ce37fff1e04c5ac667468264a3dd2038c8bec5dba4c10a27ebb,/p/b41c60dd5e2a987bdef36c89.html
not started,Informal reviewer,Formal / informal,Informal,The Polynomial Freiman-Ruzsa Conjecture,teorth/pfr,11.3,"For two random variables X and Y taking values in the group F_2^n, if the sum of their entropies is sufficiently large compared to their entropy difference, then there exists a nontrivial subgroup H such that the entropy of their projections modulo H is small relative to the original entropy sum, and the logarithm of the size of H is bounded above by a factor slightly more than half the total entropy.","Let $G=\mathbb{F}_2^n$ and $\alpha\in (0,1)$ and let $X,Y$ be $G$-valued random variables such that \[\mathbb{H}(X)+\mathbb{H}(Y)> \frac{20}{\alpha} d[X;Y].\] There is a non-trivial subgroup $H\leq G$ such that \[\log \lvert H\rvert <\frac{1+\alpha}{2}(\mathbb{H}(X)+\mathbb{H}(Y))\] and \[\mathbb{H}(\psi(X))+\mathbb{H}(\psi(Y))< \alpha (\mathbb{H}(X)+\mathbb{H}(Y))\] where $\psi:G\to G/H$ is the natural projection homomorphism.",Formal,app_ent_PFR',PFR.WeakPFR,PFR/WeakPFR.lean,"If two random variables X and Y taking values in the group (Z/2Z)^n have sufficiently large combined entropy relative to their mutual dependence, then there exists a nontrivial subgroup H of the group such that the logarithm of the size of H is less than about half the total entropy, and the sum of the entropies of X and Y modulo H is small relative to the original entropy sum.","app_ent_PFR'.{u_1, u_2, u_3} {G : Type u_1} [AddCommGroup G] [Module (ZMod 2) G] [Finite G] [MeasurableSpace G]
  [MeasurableSingletonClass G] {Ω : Type u_2} {Ω' : Type u_3} [mΩ : MeasureTheory.MeasureSpace Ω]
  [mΩ' : MeasureTheory.MeasureSpace Ω'] (X : Ω → G) (Y : Ω' → G)
  [MeasureTheory.IsProbabilityMeasure MeasureTheory.volume] [MeasureTheory.IsProbabilityMeasure MeasureTheory.volume]
  {α : ℝ} (hent : 20 * d[X # Y] < α * (H[X] + H[Y])) (hX : Measurable X) (hY : Measurable Y) :
  ∃ H, Real.log ↑(Nat.card ↥H) < (1 + α) / 2 * (H[X] + H[Y]) ∧ H[⇑H.mkQ ∘ X] + H[⇑H.mkQ ∘ Y] < α * (H[X] + H[Y])",Open,,,,,,,,,draft1-fi-062,primary,7458c304c7679d4dd77417f7e699aca4eaad832a0d4f78cf2d49c3d27112fcec,/p/5a37ea4fed4459c6a10d7f02.html
not started,Formal expert,Formal / informal,Formal,ProbabilityTheory.lintegral_sup_rpow_edist_le_sum_of_le_one,BrownianMotion.Continuity.IsKolmogorovProcess,BrownianMotion/Continuity/IsKolmogorovProcess.lean,"For a stochastic process satisfying a Kolmogorov-type condition with exponent q and constant M, the expected value of the supremum of the p-th power of distances between process values at points and their approximations through a chaining sequence is bounded above by a sum involving the sizes of finite covers and the radii of those covers raised to the power q, provided p is at most 1. The bound depends on how finely the index set is covered at each step of the chaining. This result quantifies the regularity of the process in terms of its sample paths.","ProbabilityTheory.lintegral_sup_rpow_edist_le_sum_of_le_one.{u_1, u_2, u_3} {T : Type u_1} {Ω : Type u_2} {E : Type u_3}
  [PseudoEMetricSpace T] {mΩ : MeasurableSpace Ω} [PseudoEMetricSpace E] {p q : ℝ} {M : NNReal}
  {P : MeasureTheory.Measure Ω} {X : T → Ω → E} {J : Set T} {C : ℕ → Finset T} {ε : ℕ → NNReal} {k m : ℕ} (hp : p ≤ 1)
  (hX : ProbabilityTheory.IsAEKolmogorovProcess X P p q M) (hC : ∀ (n : ℕ), Metric.IsCover (ε n) J ↑(C n))
  (hC_subset : ∀ (n : ℕ), ↑(C n) ⊆ J) (hm : m ≤ k) :
  ∫⁻ (ω : Ω), ⨆ t, edist (X (↑t) ω) (X (chainingSequence C (↑t) k m) ω) ^ p ∂P ≤
    ↑M * ∑ i ∈ Finset.range (k - m), ↑(C (m + i + 1)).card * ↑(ε (m + i)) ^ q",Informal,Brownian motion project,RemyDegenne/brownian-motion,1.5.59,"For a stochastic process satisfying the Kolmogorov continuity condition with exponents p and q and constant M, the expected value of the supremum of the p-th power of distances between process values at points in a sequence of finite covers is bounded above by a constant multiple of the p-th power of a sum involving the sizes of the covers and the cover radii raised to a power determined by q and p. The bound applies when p is at least 1 and for indices m less than or equal to k. The quantity involves chaining through successive approximations of the index set.","\uses{def:IsKolmogorovProcess} \leanok \lean{ProbabilityTheory.lintegral_sup_rpow_edist_le_sum} Let $X : T \to \Omega \to E$ be a process that satisfies the Kolmogorov condition for exponents $(p,q)$ with constant $M$. Let $(\varepsilon_n)_{n \in \mathbb{N}}$ be a sequence of positive numbers and $C_n$ a finite $\varepsilon_n$-cover of $T$ with $C_n \subseteq T$. Then for $p \ge 1$ and $m \le k$, \begin{align*} \mathbb{E} \left[\sup_{t \in C_k} d_E(X_t, X_{\bar{t}_m})^p \right] &\le M \left( \sum_{j=m}^{k-1} \vert C_{j+1} \vert^{1/p} \varepsilon_j^{q/p} \right)^p \: . \end{align*}",Open,,,,,,,,,draft1-fi-063,primary,b24c4bbbbb9960dc5a9e22e51bc7e7f4641a38947d6cb5c82ce6334c5f41fee6,/p/a609b88ce94b5cbe4f806f95.html
not started,Formal expert,Formal / informal,Formal,FltRegular.caseII,FltRegular.CaseII.Statement,FltRegular/CaseII/Statement.lean,"If a, b, and c are nonzero integers, p is an odd prime number that is regular, the greatest common divisor of a, b, and c is 1, and p divides the product a*b*c, then a^p + b^p cannot equal c^p.","FltRegular.caseII {a b c : ℤ} {p : ℕ} [hpri : Fact (Nat.Prime p)] (hreg : IsRegularPrime p) (hodd : p ≠ 2)
  (hprod : a * b * c ≠ 0) (hgcd : {a, b, c}.gcd id = 1) (caseII : ↑p ∣ a * b * c) : a ^ p + b ^ p ≠ c ^ p",Informal,A complete formalization of Fermat's Last Theorem for regular primes in Lean,2410.01466,3.1,"If a, b, and c are integers and p is a regular prime that does not divide the product a times b times c, then a to the power p plus b to the power p cannot equal c to the power p.","Let $a,b,c \in \mathbb{Z}$ and $p$ a regular prime. If $p$ does not divide $a b c$, then $a^p+b^p \ne c^p$.",Open,,,,,,,,,draft1-fi-064,primary,2a3935021ad50361e471995e8007f692651465aa9637da162700dd9bc3cb500c,/p/50f04feffb333bbddce1a2ec.html
not started,Formal expert,Formal / informal,Formal,ProbabilityTheory.condEntropy_le_entropy,PFR.ForMathlib.Entropy.Basic,PFR/ForMathlib/Entropy/Basic.lean,The conditional entropy of a random variable X given another random variable Y is always less than or equal to the entropy of X. This means that knowing Y can never increase the uncertainty about X. The result holds for discrete random variables with finite range under a probability measure.,"ProbabilityTheory.condEntropy_le_entropy.{u_1, u_2, u_3} {Ω : Type u_1} {S : Type u_2} {T : Type u_3}
  [mΩ : MeasurableSpace Ω] [MeasurableSpace S] {X : Ω → S} {Y : Ω → T} (μ : MeasureTheory.Measure Ω) [MeasurableSpace T]
  [MeasurableSingletonClass S] [MeasurableSingletonClass T] [Countable S] [Countable T]
  [MeasureTheory.IsZeroOrProbabilityMeasure μ] (hX : Measurable X) (hY : Measurable Y) [FiniteRange X] [FiniteRange Y] :
  H[X | Y ; μ] ≤ H[X; μ]",Informal,Environment as a Witness: Selective Proliferation of Information and Emergence of Objectivity in a Quantum Universe,quant-ph/0408125,10.4,The average conditional entropy of a random variable X given another random variable Y is less than or equal to the entropy of X. This means that knowing Y reduces or does not change the uncertainty about X. The inequality shows that entropy is a convex function with respect to the probability distribution.,"Let $P(X_i|Y_j)$ be a set of conditional probability distribution for the random variable $X$, and $P(Y_j)$ be the probability distribution for the random variable $Y$. Then \begin{eqnarray} && \sum_j \left[P(Y_j) \left( -\sum_i P(X_i|Y_j) \ln P(X_i|Y_j) \right)\right] \nonumber \\ && \quad \leq -\sum_i P(X_i) \ln P(X_i) \end{eqnarray} where $P(X_i) = \sum_j P(X_i|Y_j)P(Y_j)$.",Open,,,,,,,,,draft1-fi-065,primary,d559be8725013e82f535361d3df0a8785041e651d5dd739ce0868cbb410201dd,/p/1328632e2ddf9e6533f97df0.html
not started,Informal reviewer,Formal / informal,Informal,Brownian motion project,RemyDegenne/brownian-motion,2.1.78,"If X is a right-continuous martingale indexed over an approximable time set, and sigma and tau are stopping times with tau bounded, then the value of X at the minimum of sigma and tau equals the conditional expectation of X at tau given the information up to sigma, almost surely.","\uses{def:Martingale, def:IsStoppingTime, def:RightContinuous, def:approximableTimeIndex} \leanok \lean{MeasureTheory.Martingale.stoppedValue_min_ae_eq_condExp'} Let $X$ be a right-continuous $\mathcal{F}$-martingale on an approximable time index. Then, for any stopping times $\sigma, \tau$ with $\tau$ bounded, we have that $X_{\sigma \wedge \tau} = P[X_{\tau} \mid \mathcal{F}_{\sigma}]$ almost surely.",Formal,MeasureTheory.Martingale.stoppedValue_min_ae_eq_condExp_of_countable_range,BrownianMotion.StochasticIntegral.OptionalSampling,BrownianMotion/StochasticIntegral/OptionalSampling.lean,"If X is a martingale with right-continuous paths, and tau and sigma are stopping times with countable ranges such that tau is bounded above by some fixed time n, then the value of X at the minimum of tau and sigma is almost everywhere equal to the conditional expectation of the value of X at tau given the information up to sigma.","MeasureTheory.Martingale.stoppedValue_min_ae_eq_condExp_of_countable_range.{u_1, u_2, u_3} {ι : Type u_1} {Ω : Type u_2}
  {E : Type u_3} [LinearOrder ι] [TopologicalSpace ι] [OrderTopology ι] [OrderBot ι] [MeasurableSpace ι]
  [SecondCountableTopology ι] [BorelSpace ι] [TopologicalSpace.MetrizableSpace ι] [NormedAddCommGroup E]
  [NormedSpace ℝ E] [CompleteSpace E] [MeasurableSpace E] [BorelSpace E] [SecondCountableTopology E]
  {mΩ : MeasurableSpace Ω} {𝓕 : MeasureTheory.Filtration ι mΩ} {μ : MeasureTheory.Measure Ω}
  [MeasureTheory.IsFiniteMeasure μ] {X : ι → Ω → E} {τ σ : Ω → WithTop ι} (h : MeasureTheory.Martingale X 𝓕 μ)
  (hRC : ∀ (ω : Ω), Function.RightContinuous fun x => X x ω) (hτ : MeasureTheory.IsStoppingTime 𝓕 τ)
  (hσ : MeasureTheory.IsStoppingTime 𝓕 σ) {n : ι} (hτ_le : ∀ (x : Ω), τ x ≤ ↑n)
  (hτ_countable_range : (Set.range τ).Countable) (hσ_countable_range : (Set.range σ).Countable) :
  (MeasureTheory.stoppedValue X fun x => min (σ x) (τ x)) =ᵐ[μ] μ[MeasureTheory.stoppedValue X τ | hσ.measurableSpace]",Open,,,,,,,,,draft1-fi-066,primary,a04f0834fa0a5b55451b337d8592e2ccc7fa26dc831b45be2738bb3c1fd7e744,/p/9f4c5b11d2b44d2d039e1056.html
not started,Formal expert,Formal / informal,Formal,MeasureTheory.Integrable.classDL,BrownianMotion.StochasticIntegral.ClassD,BrownianMotion/StochasticIntegral/ClassD.lean,"If a stochastic process is progressively measurable and, for each time t, the supremum of the norm of the process up to t is integrable, then the process is of class DL, meaning its stopped values up to any time form a uniformly integrable family.","MeasureTheory.Integrable.classDL.{u_1, u_2, u_3} {ι : Type u_1} {Ω : Type u_2} {E : Type u_3} [NormedAddCommGroup E]
  {mΩ : MeasurableSpace Ω} {P : MeasureTheory.Measure Ω} {X : ι → Ω → E} [LinearOrder ι]
  {𝓕 : MeasureTheory.Filtration ι mΩ} [TopologicalSpace ι] [OrderTopology ι] [MeasurableSpace ι] [BorelSpace ι]
  [Nonempty ι] [SecondCountableTopology ι] (hX1 : MeasureTheory.ProgMeasurable 𝓕 X)
  (hX2 : ∀ (t : ι), MeasureTheory.Integrable (fun ω => ⨆ s, ⨆ (_ : s ≤ t), ‖X s ω‖ₑ) P) :
  ProbabilityTheory.ClassDL X 𝓕 P",Informal,Brownian motion project,RemyDegenne/brownian-motion,2.3.34,"A stochastic process is of class DL if it is progressively measurable and, for every fixed time t, the collection of its values at all stopping times up to t forms a uniformly integrable set.","\uses{def:IsStoppingTime} \leanok \lean{ProbabilityTheory.ClassDL} A stochastic process $(X_t)$ is of class DL if it is progressively measurable and for all $t \ge 0$, the set $\{X_\tau \mid \tau \text{ is a stopping time with } \tau \le t\}$ is uniformly integrable.",Open,,,,,,,,,draft1-fi-067,primary,a446f7ba186324c35b73c65976bfcf0bc2c23dafd5a17d2a48a82090db11fb57,/p/d9fd4c3d9264c1b767f70247.html
not started,Formal expert,Formal / informal,Formal,ProbabilityTheory.max_entropy_le_entropy_add,PFR.ForMathlib.Entropy.Group,PFR/ForMathlib/Entropy/Group.lean,"If two independent random variables take values in a countable additive group, the entropy of their sum is at least as large as the maximum of their individual entropies.","ProbabilityTheory.max_entropy_le_entropy_add.{uΩ, uS} {Ω : Type uΩ} {G : Type uS} [mΩ : MeasurableSpace Ω] [Countable G]
  [hG : MeasurableSpace G] [MeasurableSingletonClass G] [AddGroup G] {X : Ω → G} {μ : MeasureTheory.Measure Ω}
  [MeasureTheory.IsProbabilityMeasure μ] {Y : Ω → G} [FiniteRange X] [FiniteRange Y] (hX : Measurable X)
  (hY : Measurable Y) (h : ProbabilityTheory.IndepFun X Y μ) : max H[X; μ] H[Y; μ] ≤ H[X + Y; μ]",Informal,Privacy and Integrity Preserving Training Using Trusted Hardware,2105.00334,1,The entropy of the sum of two independent random variables is at least as large as the maximum of their individual entropies.,"Suppose that $X$ and $Y$ are two independent random variables. Then we have, \begin{align} \max \left\{ H(X),H(Y) \right\} \leq H(X+Y)~. \end{align}",Open,,,,,,,,,draft1-fi-068,primary,33f60b5f270cf3d5480ca3c392c1120e1131b3564b283291231f1612e8926a2d,/p/40e2ab63e58e9856a462c8bd.html
not started,Formal expert,Formal / informal,Formal,ProbabilityTheory.max_entropy_le_entropy_add,PFR.ForMathlib.Entropy.Group,PFR/ForMathlib/Entropy/Group.lean,"If two independent random variables take values in a countable additive group, the entropy of their sum is at least as large as the maximum of their individual entropies.","ProbabilityTheory.max_entropy_le_entropy_add.{uΩ, uS} {Ω : Type uΩ} {G : Type uS} [mΩ : MeasurableSpace Ω] [Countable G]
  [hG : MeasurableSpace G] [MeasurableSingletonClass G] [AddGroup G] {X : Ω → G} {μ : MeasureTheory.Measure Ω}
  [MeasureTheory.IsProbabilityMeasure μ] {Y : Ω → G} [FiniteRange X] [FiniteRange Y] (hX : Measurable X)
  (hY : Measurable Y) (h : ProbabilityTheory.IndepFun X Y μ) : max H[X; μ] H[Y; μ] ≤ H[X + Y; μ]",Informal,DarKnight: A Data Privacy Scheme for Training and Inference of Deep Neural Networks,2006.01300,1,The entropy of the sum of two independent random variables is at least as large as the maximum of their individual entropies.,"Suppose that $X$ and $Y$ are two independent random variables. Then we have, \begin{align} \max \left\{ H(X),H(Y) \right\} \leq H(X+Y)~. \end{align}",Open,,,,,,,,,draft1-fi-069,primary,bf89cffccd65a0b884921d0adf4d98ee06bec401d1e4c87e063e3b21a8142039,/p/523932ecfa26dcb0d4df4315.html
not started,Formal expert,Formal / informal,Formal,ProbabilityTheory.IsLocalMartingale,BrownianMotion.StochasticIntegral.LocalMartingale,BrownianMotion/StochasticIntegral/LocalMartingale.lean,"A local martingale is a stochastic process where, for each point in time, there exists a sequence of stopping times increasing to infinity such that the process stopped at each of these times is a martingale. This means the process behaves like a fair game when observed up to certain well-chosen random times. The process takes values in a complete normed vector space and is adapted to a filtered probability space.","ProbabilityTheory.IsLocalMartingale.{u_1, u_2, u_3} {ι : Type u_1} {Ω : Type u_2} {E : Type u_3} [LinearOrder ι]
  [OrderBot ι] [TopologicalSpace ι] [OrderTopology ι] [NormedAddCommGroup E] [NormedSpace ℝ E] [CompleteSpace E]
  {mΩ : MeasurableSpace Ω} (X : ι → Ω → E) (𝓕 : MeasureTheory.Filtration ι mΩ)
  (P : MeasureTheory.Measure Ω := by volume_tac) : Prop",Informal,Constructive martingale representation in functional It\^o calculus: a local martingale extension,1611.09214,,"A local martingale is a stochastic process for which there are increasingly large stopping times such that, when the process is stopped at any of these times, it becomes a martingale. The stopping times eventually go to infinity almost surely. This means the process behaves like a martingale up to certain random times. It may not be a martingale overall, but it is one when observed up to each of those stopping points.",$M$ is said to be a local martingale if there exists a sequence of non-decreasing stopping times $\{\theta_n\}$ with $\lim_{n \rightarrow \infty } \theta_n= \infty$ a.s. such that the stopped local martingale $M(\cdot\wedge\theta_n)$ is a martingale for each $n\geq 1$.,Open,,,,,,,,,draft1-fi-070,primary,1da57224b2cbadb2fa733dd16bcd93cb6993bc1f7d24fb02cec6c70834ec52a7,/p/ab901adf07f61c4fb93b3d70.html
not started,Informal reviewer,Formal / informal,Informal,Brownian motion project,RemyDegenne/brownian-motion,2.1.50,"If a collection of functions is uniformly integrable, then the set of their conditional expectations with respect to any family of sigma-algebras is also uniformly integrable.","\leanok \lean{MeasureTheory.UniformIntegrable.condExp'} If $(X_i)_{i \in \iota}$ is a family of (probabilistically) uniformly integrable functions and $(\mathcal{F}_j)_{j \in \kappa}$ is a family of $\sigma$-algebras, then the family $(P[X_i \mid \mathcal{F}_j])_{i \in \iota, j \in \kappa}$ is uniformly integrable.",Formal,MeasureTheory.UniformIntegrable.condExp,BrownianMotion.StochasticIntegral.UniformIntegrable,BrownianMotion/StochasticIntegral/UniformIntegrable.lean,"If a family of functions is uniformly integrable with respect to a finite measure, then the family of their conditional expectations, each taken with respect to a corresponding sub-sigma-algebra, is also uniformly integrable with respect to the same measure.","MeasureTheory.UniformIntegrable.condExp.{u_1, u_3, u_4} {ι : Type u_1} {Ω : Type u_3} {E : Type u_4}
  {mΩ : MeasurableSpace Ω} {μ : MeasureTheory.Measure Ω} {X : ι → Ω → E} [NormedAddCommGroup E] [NormedSpace ℝ E]
  [CompleteSpace E] [MeasureTheory.IsFiniteMeasure μ] (hX : MeasureTheory.UniformIntegrable X 1 μ)
  {𝓕 : ι → MeasurableSpace Ω} (h𝓕 : ∀ (i : ι), 𝓕 i ≤ mΩ) : MeasureTheory.UniformIntegrable (fun i => μ[X i | 𝓕 i]) 1 μ",Open,,,,,,,,,draft1-fi-071,primary,0a5a9b9cf10e9bd50d84fd7b6bbccb56162ee338e0d6c8e310d81e403135ebcb,/p/51c5c9980cc9175ce886660f.html
not started,Formal expert,Formal / informal,Formal,ProbabilityTheory.chain_rule,PFR.ForMathlib.Entropy.Basic,PFR/ForMathlib/Entropy/Basic.lean,"The total uncertainty of two random variables together equals the uncertainty of one plus the average uncertainty of the other given the first. This rule holds when both variables have finitely many possible values and are measurable functions on a probability space. The joint entropy H[X, Y] is the sum of the entropy of Y and the conditional entropy of X given Y.","ProbabilityTheory.chain_rule.{u_1, u_2, u_3} {Ω : Type u_1} {S : Type u_2} {T : Type u_3} [mΩ : MeasurableSpace Ω]
  [MeasurableSpace S] {X : Ω → S} {Y : Ω → T} [MeasurableSpace T] [Countable S] [MeasurableSingletonClass S]
  [Countable T] [MeasurableSingletonClass T] (μ : MeasureTheory.Measure Ω) [MeasureTheory.IsZeroOrProbabilityMeasure μ]
  (hX : Measurable X) (hY : Measurable Y) [FiniteRange X] [FiniteRange Y] : H[⟨X, Y⟩; μ] = H[Y; μ] + H[X | Y ; μ]",Informal,Some properties are not even partially testable,1306.1360,3.4,The total uncertainty of two random variables together equals the uncertainty of one variable plus the uncertainty of the other given the first. This relationship is known as the chain rule for entropy. It shows how joint uncertainty can be broken down into conditional and marginal parts.,"Assume that $X$ and $Y$ are random variables. The entropy of the combined state determined by both random variables is denoted $H[X,Y]$. This quantity obeys the chain rule $H[X,Y]=H[X\vert Y]+H[Y]$.",Open,,,,,,,,,draft1-fi-072,primary,5f1cd101dd68a56740a603a0757af7ef5007d23e197a8e05b4520e8913db5574,/p/5016a5b5971382d937867f1a.html
not started,Formal expert,Formal / informal,Formal,MeasureTheory.Filtration,Mathlib.Probability.Process.Filtration,,"A Filtration is a family of sub-sigma-algebras on a measurable space, indexed by a preorder, such that each sigma-algebra is contained in the next as the index increases. It represents a growing collection of information over time in probability theory. The underlying space has a fixed sigma-algebra, and each member of the filtration is a subset of this sigma-algebra that is itself closed under complements and countable unions.","MeasureTheory.Filtration.{u_1, u_2} {Ω : Type u_1} (ι : Type u_2) [Preorder ι] (m : MeasurableSpace Ω) :
  Type (max u_1 u_2)",Informal,Adam-family Methods with Decoupled Weight Decay in Deep Learning,2310.08858,2.1,"A filtration is a sequence of sigma-algebras on a probability space that grow over time, where each sigma-algebra is contained in the next, representing increasing information.","Let $(\Omega, \mathcal{F}, \mathbb{P})$ be a probability space. We say $\{\mathcal{F}_k\}_{k \in \mathbb{N}}$ is a filtration if $\{\mathcal{F}_k\}$ is a collection of $\sigma$-algebras that satisfies $ \mathcal{F}_0 \subseteq \mathcal{F}_1 \subseteq \cdots \subseteq \mathcal{F}_{\infty} \subseteq \mathcal{F}$.",Open,,,,,,,,,draft1-fi-073,primary,2d9d1c88eaaec95a1dfc7a3b3aa67584463d15f061e3baa4502d2fe60ed70c74,/p/e0bbd42437eb5447d4eed4f3.html
not started,Formal expert,Formal / informal,Formal,ProbabilityTheory.mutualInfo_nonneg,PFR.ForMathlib.Entropy.Basic,PFR/ForMathlib/Entropy/Basic.lean,The mutual information between two random variables is always greater than or equal to zero. This means that knowing one variable never increases uncertainty about the other; it either reduces uncertainty or leaves it unchanged. The result holds for discrete random variables with finite range under a given probability measure.,"ProbabilityTheory.mutualInfo_nonneg.{u_1, u_2, u_3} {Ω : Type u_1} {S : Type u_2} {T : Type u_3}
  [mΩ : MeasurableSpace Ω] [MeasurableSpace S] {X : Ω → S} {Y : Ω → T} [MeasurableSpace T] [MeasurableSingletonClass S]
  [MeasurableSingletonClass T] (hX : Measurable X) (hY : Measurable Y) (μ : MeasureTheory.Measure Ω) [FiniteRange X]
  [FiniteRange Y] : 0 ≤ I[X : Y ; μ]",Informal,Functional Dynamical Structures in Complex Systems: an Information-Theoretic Approach,1703.01878,2.7,"The mutual information between two discrete random variables is always greater than or equal to zero, meaning that knowing one variable provides at least zero information about the other, with equality when the variables are independent.","Let $X$ and $Y$ be two discrete random variables with alphabets $\mathcal{X}$ and $\mathcal{Y}$ and a joint probability distribution $p(x,y)$, then \\ \begin{equation} I(X,Y) \geq 0 \end{equation} \begin{proof} By definition \\ \begin{equation} I(X,Y) = \sum_{x \in \mathcal{X}} \sum_{y \in \mathcal{Y}} p(x,y) \, log \frac {p(x,y)}{p(x)p(y)} \end{equation} \vspace{0.3cm} \noindent Since f(z) = log(z) is a concave function, we can apply Jensen's inequality changing the inequality direction \\ \begin{equation} - I(X,Y) \leq log \sum_{x \in \mathcal{X}} \sum_{y \in \mathcal{Y}} p(x,y) \, \frac {p(x)p(y)}{p(x,y)} \end{equation} \vspace{0.3cm} \begin{equation} - I(X,Y) \leq log \sum_{x \in \mathcal{X}} \sum_{y \in \mathcal{Y}} p(x)p(y) \end{equation} \vspace{0.3cm} \noindent From the normalization axiom of probability theory, it follows \\ \begin{equation} \sum_{x \in \mathcal{X}} \sum_{y \in \mathcal{Y}} p(x)p(y) = 1 \end{equation} \vspace{0.3cm} \noindent Hence \\ \begin{equation} - I(X,Y) \leq log 1 = 0 \iff I(X,Y) \geq 0 \end{equation} \end{proof}",Open,,,,,,,,,draft1-fi-074,primary,ed725ebd9471534e6499744ccd032534208313ba96920a6bf01cf7e8ad9d117e,/p/d5133fdeca10f5b1527f5658.html
not started,Formal expert,Formal / informal,Formal,KLDiv_nonneg,PFR.Kullback,PFR/Kullback.lean,"The Kullback-Leibler divergence between two probability distributions X and Y is always greater than or equal to zero. This means that the information difference from Y to X cannot be negative, with equality only when X and Y produce the same distribution. The result holds under conditions ensuring that X and Y are measurable functions and that X does not assign positive probability to any outcome that Y assigns zero probability.","KLDiv_nonneg.{u_1, u_2, u_5} {Ω : Type u_1} {Ω' : Type u_2} {G : Type u_5} [mΩ : MeasurableSpace Ω]
  {μ : MeasureTheory.Measure Ω} [mΩ' : MeasurableSpace Ω'] {μ' : MeasureTheory.Measure Ω'} [hG : MeasurableSpace G]
  {X : Ω → G} {Y : Ω' → G} [Finite G] [MeasurableSingletonClass G] [MeasureTheory.IsZeroOrProbabilityMeasure μ]
  [MeasureTheory.IsZeroOrProbabilityMeasure μ'] (hX : Measurable X) (hY : Measurable Y)
  (habs : ∀ (x : G), (MeasureTheory.Measure.map Y μ') {x} = 0 → (MeasureTheory.Measure.map X μ) {x} = 0) :
  0 ≤ KL[X ; μ # Y ; μ']",Informal,Non-Stochastic CDF Estimation Using Threshold Queries,2301.05682,8.4,The Kullback-Leibler divergence between two probability distributions on the same set is always greater than or equal to zero.,"If $p,q$ are any two probability distributions on the same set, then ${D_{KL} \left( p \, \| \, q \right)} \ge 0.$",Open,,,,,,,,,draft1-fi-075,primary,e044fbdc130eab52bf66c3b9416cff8113b524e605a249cf6dffe04b6190c929,/p/73894eabf7940cd92a159a2a.html
not started,Informal reviewer,Formal / informal,Informal,The Polynomial Freiman-Ruzsa Conjecture,teorth/pfr,2.24,The entropy of two random variables together equals the sum of their individual entropies if and only if the variables are independent.,"If $X,Y$ are random variables, then $\mathbb{H}[X,Y] = \mathbb{H}[X] + \mathbb{H}[Y]$ if and only if $X,Y$ are independent.",Formal,ProbabilityTheory.IndepFun.entropy_pair_eq_add,PFR.ForMathlib.Entropy.Basic,PFR/ForMathlib/Entropy/Basic.lean,"If two random variables X and Y are independent, the entropy of the pair (X, Y) equals the sum of their individual entropies. This means the total uncertainty in the pair is just the sum of the uncertainties in X and in Y. The result holds when X and Y have finite ranges and are measurable functions on a probability space.","ProbabilityTheory.IndepFun.entropy_pair_eq_add.{u_1, u_2, u_3} {Ω : Type u_1} {S : Type u_2} {T : Type u_3}
  [mΩ : MeasurableSpace Ω] [MeasurableSpace S] {X : Ω → S} {Y : Ω → T} [MeasurableSpace T] [MeasurableSingletonClass S]
  [MeasurableSingletonClass T] (hX : Measurable X) (hY : Measurable Y) {μ : MeasureTheory.Measure Ω}
  [MeasureTheory.IsZeroOrProbabilityMeasure μ] [FiniteRange X] [FiniteRange Y] :
  ProbabilityTheory.IndepFun X Y μ → H[⟨X, Y⟩; μ] = H[X; μ] + H[Y; μ]",Open,,,,,,,,,draft1-fi-076,primary,7ac62f86ee5ea49c5007d113eb3c36d223efb0780a9f877700c98fab17cdc410,/p/383e7dec92a5a9ece66485dc.html
not started,Informal reviewer,Formal / informal,Informal,The Polynomial Freiman-Ruzsa Conjecture,teorth/pfr,3.10,"If X' and Y' are copies of X and Y, then the Ruzsa distance between X' and Y' is the same as the Ruzsa distance between X and Y.","\uses{ruz-dist-def} If $X',Y'$ are copies of $X,Y$ respectively then $d[X';Y']=d[X ;Y]$.",Formal,ProbabilityTheory.IdentDistrib.rdist_congr_left,PFR.ForMathlib.Entropy.RuzsaDist,PFR/ForMathlib/Entropy/RuzsaDist.lean,"If two random variables X and Y have copies X' and Y that follow the same distributions, then the Ruzsa distance between X and Y is the same as the Ruzsa distance between X' and Y.","ProbabilityTheory.IdentDistrib.rdist_congr_left.{u_1, u_2, u_3, u_5} {Ω : Type u_1} {Ω' : Type u_2} {Ω'' : Type u_3}
  {G : Type u_5} [mΩ : MeasurableSpace Ω] {μ : MeasureTheory.Measure Ω} [mΩ' : MeasurableSpace Ω']
  {μ' : MeasureTheory.Measure Ω'} [mΩ'' : MeasurableSpace Ω''] {μ'' : MeasureTheory.Measure Ω''}
  [hG : MeasurableSpace G] [AddCommGroup G] {X : Ω → G} {Y : Ω' → G} {X' : Ω'' → G} (hY : AEMeasurable Y μ')
  (hX : ProbabilityTheory.IdentDistrib X X' μ μ'') : d[X; μ # Y; μ'] = d[X'; μ'' # Y; μ']",Open,,,,,,,,,draft1-fi-077,primary,87d71beded289586a7fe7ed80853facae54b41371090021c342c95e4ce399ccd,/p/598ec3de41c1b652f52bf912.html
not started,Informal reviewer,Formal / informal,Informal,Brownian motion project,RemyDegenne/brownian-motion,1.5.5,The packing number of a set A for a given distance epsilon is the maximum number of points you can place in A such that each pair of points is more than epsilon apart. It counts how many well-separated points can fit inside the set.,\uses{def:IsSeparated} \mathlibok \lean{Metric.packingNumber} The packing number of a set $A \subseteq E$ for $\varepsilon > 0$ is the largest cardinality of an $\varepsilon$-separated subset of $A$. Denote it by $P_\varepsilon(A)$.,Formal,Metric.packingNum,MiscYD.PhD.VCDim.CoveringPacking,MiscYD/PhD/VCDim/CoveringPacking.lean,"The packing number of a set s at scale epsilon is the largest number of points you can choose from s so that each pair of points is at least epsilon apart; if no such finite maximum exists, the number is zero. It measures how many well-separated points of distance at least epsilon can fit inside the set. This value is always a natural number, based on the structure of the space and the size of epsilon.",Metric.packingNum.{u_1} {X : Type u_1} [PseudoEMetricSpace X] (ε : NNReal) (s : Set X) : ℕ,Open,,,,,,,,,draft1-fi-078,primary,558692c6193e44e9dae45745f1e111f9ae58ef2889cb389801b767ba3e0aea83,/p/86a7ee62044f6ccf84d757fd.html
not started,Informal reviewer,Formal / informal,Informal,The sphere eversion project,leanprover-community/sphere-eversion,3.17,"A homotopy of formal solutions is a smoothly varying family of sections over time, where each section at any fixed time is a formal solution to a given relation.","A homotopy of formal solutions of $\mathcal{R}$ is a smooth family of sections $\mathcal{F} : ℝ × M → J^1(M, N)$ such that each $m ↦ \mathcal{F}(t, m)$ is a formal solution.",Formal,RelLoc.HtpyFormalSol,SphereEversion.Local.Relation,SphereEversion/Local/Relation.lean,"A homotopy of formal solutions is a continuous family of formal solutions parameterized by time, where each member of the family satisfies the same local differential relation between real normed vector spaces. It is defined as a path in the space of such solutions, varying smoothly over the unit interval. This concept captures how one solution can be deformed into another while remaining within the space of valid formal solutions.","RelLoc.HtpyFormalSol.{u_1, u_2} {E : Type u_1} [NormedAddCommGroup E] [NormedSpace ℝ E] {F : Type u_2}
  [NormedAddCommGroup F] [NormedSpace ℝ F] (R : RelLoc E F) : Type (max (max u_1 u_2) 0)",Open,,,,,,,,,draft1-fi-079,primary,7c7df8910acff1cceda8fd2ef33e53ec670ebaef987f36157f36c11bdd36ffdc,/p/1d8c86f606d76beb7c8541e9.html
not started,Formal expert,Formal / informal,Formal,ProbabilityTheory.condMutualInfo_eq',PFR.ForMathlib.Entropy.Basic,PFR/ForMathlib/Entropy/Basic.lean,"The conditional mutual information between X and Y given Z is equal to the difference between the conditional entropy of X given Z and the conditional entropy of X given both Y and Z. This holds for discrete, measurable functions X, Y, and Z defined on a probability space, with finite ranges. The result is expressed using standard information-theoretic quantities based on the underlying probability measure.","ProbabilityTheory.condMutualInfo_eq'.{u_1, u_2, u_3, u_4} {Ω : Type u_1} {S : Type u_2} {T : Type u_3} {U : Type u_4}
  [mΩ : MeasurableSpace Ω] [MeasurableSpace S] [MeasurableSpace U] {X : Ω → S} {Y : Ω → T} {Z : Ω → U}
  [MeasurableSpace T] [MeasurableSingletonClass S] [MeasurableSingletonClass T] [Countable S] [Countable T]
  [MeasurableSingletonClass U] [Countable U] (hX : Measurable X) (hY : Measurable Y) (hZ : Measurable Z)
  (μ : MeasureTheory.Measure Ω) [MeasureTheory.IsZeroOrProbabilityMeasure μ] [FiniteRange X] [FiniteRange Y]
  [FiniteRange Z] : I[X : Y|Z;μ] = H[X | Z ; μ] - H[X | ⟨Y, Z⟩ ; μ]",Informal,On the Round Complexity of the Shuffle Model,2009.13510,6.11,The conditional mutual information of X and Y given Z is equal to the difference between the conditional entropy of X given Z and the conditional entropy of X given both Y and Z.,"$$ I(X;Y|Z) = H(X|Z) - H(X|Y,Z). $$",Open,,,,,,,,,draft1-fi-080,primary,8e134043d0d45e00a92044692c369cb9b6f64e2da53dcc70cca61fe8518f296e,/p/ba0ee0057e4ea00c8c2a1c11.html
not started,Informal reviewer,Formal / informal,Informal,Sphere Packing in Dimension 8,thefundamentaltheor3m/Sphere-Packing-Lean,4.7,"The sum of a smooth, rapidly decaying function over all points of a lattice shifted by a vector equals the sum of its Fourier transform over the dual lattice, scaled by the volume of the lattice and modulated by a complex exponential. This relates function values on a lattice to its Fourier values on the dual lattice. The formula holds for functions that decay quickly and smoothly in all derivatives. It is a fundamental result connecting spatial and frequency domain summations.","\uses{def:Fourier-Transform, def:Schwartz-Space, lemma:Schwartz-summable, lemma:inv-power-summable, def:dual-lattice} Let $\Lambda$ be a lattice in $\mathbb{R}^d$, and let $f:\mathbb{R}^d\to\mathbb{R}$ be a Schwartz function. Then, for all $v \in \mathbb{R}^d$, \[ \sum_{\ell\in\Lambda}f(\ell + v) = \frac{1}{\operatorname{Vol}\!\left(\R^d/\Lambda\right)\mathbb{R}^d/\Lambda}} \sum_{m\in\Lambda^*}\widehat{f}(m) e^{-2\pi i \left\langle v, m \right\rangle}. \]",Formal,SchwartzMap.poissonSummation_lattice,SpherePacking.CohnElkies.PoissonSummationGeneral,SpherePacking/CohnElkies/PoissonSummationGeneral.lean,"The sum of a rapidly decaying smooth function over all points of a full-rank integer lattice equals a scaled sum of its Fourier transform over the dual lattice, with the scaling determined by the volume of the lattice's fundamental domain. The phase factor in the sum involves the complex exponential of an inner product between the shift vector and dual lattice points, weighted by 2πi. This result connects lattice sums in real space with their frequency-domain counterparts via Fourier analysis.","SchwartzMap.poissonSummation_lattice {d : ℕ} (L : Submodule ℤ (EuclideanSpace ℝ (Fin d))) [DiscreteTopology ↥L]
  [IsZLattice ℝ L] (f : SchwartzMap (EuclideanSpace ℝ (Fin d)) ℂ) (v : EuclideanSpace ℝ (Fin d)) :
  ∑' (ℓ : ↥L), f (v + ↑ℓ) =
    1 / ↑(ZLattice.covolume L MeasureTheory.volume) *
      ∑' (m : ↥(SchwartzMap.dualLattice L)),
        FourierTransform.fourier (fun x => f x) ↑m *
          Complex.exp (2 * ↑Real.pi * Complex.I * ↑(RCLike.wInner 1 v.ofLp (↑m).ofLp))",Open,,,,,,,,,draft1-fi-081,primary,4187adaa6c821cd78cee1b55577f6199976275f74ab81ccbd5dbb1b48d10fbff,/p/d28a19dc751492d450e8b6a8.html
not started,Formal expert,Formal / informal,Formal,MeasureTheory.IsStoppingTime.measurableSpace,Mathlib.Probability.Process.Stopping,,"For a stopping time τ, this defines a specific σ-algebra on the sample space Ω, consisting of all sets that are measurable with respect to the information available up to the stopping time. It captures the events that can be determined by observing the process up to τ. This σ-algebra is constructed from the filtration associated with τ.","MeasureTheory.IsStoppingTime.measurableSpace.{u_1, u_3} {Ω : Type u_1} {ι : Type u_3} {m : MeasurableSpace Ω}
  [Preorder ι] {f : MeasureTheory.Filtration ι m} {τ : Ω → WithTop ι} (hτ : MeasureTheory.IsStoppingTime f τ) :
  MeasurableSpace Ω",Informal,Zooming for Efficient Model-Free Reinforcement Learning in Metric Spaces,2003.04069,13.4,"The sigma-algebra at a stopping time tau consists of all events A such that for every natural number n, the occurrence of A together with the event that tau equals n is measurable with respect to the information available at time n. This collection of events forms a valid sigma-algebra, representing the information known up to the random time tau.","let $\tau$ be a stopping time. An event prior to $\tau$ is any event $A \in \mathcal{F}_\infty$ s.t $A \cap {\tau =n} \in \mathcal{F}_n$ for all $n \in \mathbb{N}$. The set of events prior to $\tau$ is a $\sigma$-algebra denoted $\mathcal{F}_r$ and called $\sigma-$algebra at time $\tau$: \begin{equation*} \mathcal{F}_r = \{ A \in \mathcal{F}_\infty, \forall \in \mathbb{N}, A \cap {\tau =n} \in \mathcal{F}_n \} \end{equation*}",Open,,,,,,,,,draft1-fi-082,primary,79a094e10ad23ee424a7a1dc7becc5c68e3be99de9905bc9487ce31eeaddea93,/p/880a418036658cb1ff9d6d37.html
not started,Informal reviewer,Formal / informal,Informal,The Polynomial Freiman-Ruzsa Conjecture,teorth/pfr,3.1,The entropy of a random variable that takes values in a group is the same as the entropy of its negation. This means flipping the sign of the variable does not change its uncertainty or information content.,"If $X$ is $G$-valued, then $\mathbb{H}[-X]=\mathbb{H}[X]$.",Formal,ProbabilityTheory.entropy_neg_right,PFR.ForMathlib.Entropy.Group,PFR/ForMathlib/Entropy/Group.lean,"The entropy of a pair of random variables X and Y is the same as the entropy of X and the negation of Y, assuming both variables take values in a countable additive group and are measurable. This means that flipping the sign of the second variable does not change the amount of uncertainty in the pair. The result holds for any underlying measure on the sample space.","ProbabilityTheory.entropy_neg_right.{uΩ, uS} {Ω : Type uΩ} {G : Type uS} [mΩ : MeasurableSpace Ω] [Countable G]
  [hG : MeasurableSpace G] [MeasurableSingletonClass G] [AddGroup G] {X Y : Ω → G} (hX : Measurable X)
  (hY : Measurable Y) (μ : MeasureTheory.Measure Ω) : H[⟨X, -Y⟩; μ] = H[⟨X, Y⟩; μ]",Open,,,,,,,,,draft1-fi-083,primary,2cb451f4d678900fff24613ad1e4f884df76a8f46ac41350f5939548f5856817,/p/f5f93788aba25a520020e18e.html
not started,Informal reviewer,Formal / informal,Informal,The Polynomial Freiman-Ruzsa Conjecture,teorth/pfr,3.25,"For random variables X, Y, Z in an abelian group of characteristic 2, with Y and Z independent, the difference in Ruzsa distances involving X and the sum Y+Z is bounded above by an expression involving the entropies of Y and Z and their Ruzsa distance. Specifically, the increase in distance when replacing Y with Y+Z or conditioning on Y+Z is controlled by half the Ruzsa distance between Y and Z plus a quarter of the difference in their entropies.","Let $X, Y, Z$ be random variables taking values in some abelian group of characteristic $2$, and with $Y, Z$ independent. Then we have \begin{align}\nonumber d[X ; Y + Z] -d[X ; Y] & \leq \tfrac{1}{2} (\mathbb{H}[Y+ Z] - \mathbb{H}[Y]) \\ & = \tfrac{1}{2} d[Y; Z] + \tfrac{1}{4} \mathbb{H}[Z] - \tfrac{1}{4} \mathbb{H}[Y]. \end{align} and \begin{align}\nonumber d[X ;Y|Y+ Z] - d[X ;Y] & \leq \tfrac{1}{2} \bigl(\mathbb{H}[Y+ Z] - \mathbb{H}[Z]\bigr) \\ & = \tfrac{1}{2} d[Y;Z] + \tfrac{1}{4} \mathbb{H}[Y] - \tfrac{1}{4} \mathbb{H}[Z]. \end{align}",Formal,kvm_ineq_III_aux',PFR.MoreRuzsaDist,PFR/MoreRuzsaDist.lean,"For random variables X, Y, Z taking values in a countable abelian group, if Y and Z are independent, then the Ruzsa distance between X and the sum Y+Z is at most the Ruzsa distance between X and Y plus half the difference of the entropies of Y+Z and Y, even without assuming X is independent of Y and Z.","kvm_ineq_III_aux'.{uG, u_1} {Ω : Type u_1} {G : Type uG} [mΩ : MeasurableSpace Ω] {μ : MeasureTheory.Measure Ω}
  [hG : MeasurableSpace G] [MeasurableSingletonClass G] [AddCommGroup G] [Countable G] {X Y Z : Ω → G} [FiniteRange X]
  [FiniteRange Y] [FiniteRange Z] (hX : Measurable X) (hY : Measurable Y) (hZ : Measurable Z)
  (h_indep : ProbabilityTheory.IndepFun Y Z μ) [MeasureTheory.IsProbabilityMeasure μ] :
  d[X; μ # Y + Z; μ] ≤ d[X; μ # Y; μ] + 2⁻¹ * (H[Y + Z; μ] - H[Y; μ])",Open,,,,,,,,,draft1-fi-084,primary,6d6ee6ba3f9e80a2185e171fb47ced4928ab8f2d774bab6677ff28d1738ef4de,/p/8c9ac9efe7ce9bfcc15db9ab.html
not started,Formal expert,Formal / informal,Formal,MeasureTheory.IsPavingAnalytic_measurableSet_iff_isPavingAnalytic_Icc,BrownianMotion.Choquet.AnalyticSet,BrownianMotion/Choquet/AnalyticSet.lean,A set of real numbers is analytic with respect to the collection of all measurable sets if and only if it is analytic with respect to the collection of all closed intervals. This means that the property of being an analytic set does not change when you switch between using general measurable sets and just closed intervals in the definition. The equivalence relies on the fact that closed intervals are measurable and that measurable sets can be built from them.,"MeasureTheory.IsPavingAnalytic_measurableSet_iff_isPavingAnalytic_Icc (s : Set ℝ) :
  MeasureTheory.IsPavingAnalytic {t | MeasurableSet t} s ↔ MeasureTheory.IsPavingAnalytic {t | ∃ a b, Set.Icc a b = t} s",Informal,Brownian motion project,RemyDegenne/brownian-motion,2.2.31,Every measurable subset of the real numbers is analytic with respect to the family of closed intervals on the real line. This means the collection of measurable sets is contained within the class of analytic sets generated by closed intervals.,"\uses{def:IsPavingAnalytic} \leanok \lean{MeasurableSet.isPavingAnalytic_Icc_real} A measurable set of $\mathbb{R}$ is $I_{\mathbb{R}}$-analytic. That is, $M_{\mathbb{R}} \subseteq \mathcal{A}(I_{\mathbb{R}})$.",Open,,,,,,,,,draft1-fi-085,primary,35066a7c210f0e49ea44ddd13ca7333f839c9cb05516bcfe4ea2f043991ff698,/p/8a3cb1b4f612cb84a1f61ea8.html
not started,Formal expert,Formal / informal,Formal,MeasureTheory.Filtration,Mathlib.Probability.Process.Filtration,,"A Filtration is a family of sub-sigma-algebras on a measurable space, indexed by a preorder, such that each sigma-algebra is contained in the next as the index increases. It represents a growing collection of information over time in probability theory. The underlying space has a fixed sigma-algebra, and each member of the filtration is a subset of this sigma-algebra that is itself closed under complements and countable unions.","MeasureTheory.Filtration.{u_1, u_2} {Ω : Type u_1} (ι : Type u_2) [Preorder ι] (m : MeasurableSpace Ω) :
  Type (max u_1 u_2)",Informal,Epistemic Filtering and Collective Hallucination: A Jury Theorem for Confidence-Calibrated Agents,2602.22413,3,"A filtration is a sequence of sigma-algebras that grow over time, each containing more information than the last, defined on a probability space.","A \textit{filtration} is a sequence of increasing $\sigma$-algebras $(\mathcal{F}_t)_{t=0, 1, \dots, T}$ on a probability space $(\mathsf S, \mathcal{F}, \mathbb{P})$.",Open,,,,,,,,,draft1-fi-086,primary,5842851965afb52e21de7506384ad2f8e03adb4ca47377cad6beaf69aac473b8,/p/919a740c6f43a931e0281a87.html
not started,Formal expert,Formal / informal,Formal,condRuzsaDist_diff_le,PFR.ForMathlib.Entropy.RuzsaDist,PFR/ForMathlib/Entropy/RuzsaDist.lean,"If X, Y, Z are random variables in an abelian group, with Y and Z independent, then the difference in Ruzsa distance between X and Y+Z versus X and Y is bounded by half the difference in entropy of Y+Z and Y, which can also be expressed in terms of the Ruzsa distance between Y and Z and the entropies of Y and Z.","condRuzsaDist_diff_le.{u_1, u_2, u_5} {Ω : Type u_1} {Ω' : Type u_2} {G : Type u_5} [mΩ : MeasurableSpace Ω]
  (μ : MeasureTheory.Measure Ω) [mΩ' : MeasurableSpace Ω'] {μ' : MeasureTheory.Measure Ω'} [hG : MeasurableSpace G]
  [AddCommGroup G] [Countable G] [MeasurableSingletonClass G] [MeasureTheory.IsProbabilityMeasure μ]
  [MeasureTheory.IsProbabilityMeasure μ'] {X : Ω → G} {Y Z : Ω' → G} (hX : Measurable X) (hY : Measurable Y)
  (hZ : Measurable Z) (h : ProbabilityTheory.IndepFun Y Z μ') [FiniteRange X] [FiniteRange Z] [FiniteRange Y] :
  d[X; μ # Y + Z; μ'] - d[X; μ # Y; μ'] ≤ (H[Y + Z; μ'] - H[Y; μ']) / 2",Informal,The Polynomial Freiman-Ruzsa Conjecture,teorth/pfr,3.26,"The difference in conditional Ruzsa distance between a variable X and the sum Y + Z, given the sum Y + Z + Z', compared to the distance between X and Y, is bounded above by half the sum of the entropies of Y + Z + Z' and Y + Z minus the entropies of Y and Z'. This result compares how adding independent random variables affects the distance measure in terms of entropy. The bound depends only on the entropies of the involved sums. All variables take values in an abelian group and Y, Z, Z' are independent.","Let $X, Y, Z, Z'$ be random variables taking values in some abelian group, and with $Y, Z, Z'$ independent. Then we have \begin{align}\nonumber & d[X ;Y + Z | Y + Z + Z'] - d[X ;Y] \\ & \qquad \leq \tfrac{1}{2} ( \mathbb{H}[Y + Z + Z'] + \mathbb{H}[Y + Z] - \mathbb{H}[Y] - \mathbb{H}[Z']). \end{align}",Open,,,,,,,,,draft1-fi-087,primary,8cc31ddc2f89b6d5d0de157227523888fc8811401cbca4e21a7892bb99ddd07a,/p/b056b1ceef02f768b695b85c.html
not started,Formal expert,Formal / informal,Formal,MeasureTheory.IsStoppingTime.measurableSpace,Mathlib.Probability.Process.Stopping,,"For a stopping time τ, this defines a specific σ-algebra on the sample space Ω, consisting of all sets that are measurable with respect to the information available up to the stopping time. It captures the events that can be determined by observing the process up to τ. This σ-algebra is constructed from the filtration associated with τ.","MeasureTheory.IsStoppingTime.measurableSpace.{u_1, u_3} {Ω : Type u_1} {ι : Type u_3} {m : MeasurableSpace Ω}
  [Preorder ι] {f : MeasureTheory.Filtration ι m} {τ : Ω → WithTop ι} (hτ : MeasureTheory.IsStoppingTime f τ) :
  MeasurableSpace Ω",Informal,Minimal elements of stopping time $\sigma$-algebras,1112.2537,1,"The stopping time sigma-algebra for a stopping time tau consists of all events in the overall sigma-algebra such that, for every time t, the intersection of the event with the event that tau is less than or equal to t is measurable with respect to the filtration at time t. This means that whether such an event occurs can be determined based on the information available up to time t whenever tau has already occurred by time t.","Let $\tau$ be a stopping time on a filtered probability space $(\Omega, \mathcal{F}_\infty, (\mathcal{F}_t)_{t\in\mathbb{T}}, \mathbb{P})$. We define the stopping time $\sigma$-algebra w.r.t.~$\tau$ as \begin{equation} \mathcal{F}_{\tau} = \{F\in\mathcal{F}_{\infty}: F\cap\{\tau\leq t\} \in\mathcal{F}_t \,\text { for all } t\in\mathbb{T}\} . \end{equation}",Open,,,,,,,,,draft1-fi-088,primary,5a9a4afb97af588026c3c6c977cb048ae751d4db7d984f3081a77fbe9ba898b3,/p/2c182138525cb32a6aaef746.html
not started,Informal reviewer,Formal / informal,Informal,The Polynomial Freiman-Ruzsa Conjecture,teorth/pfr,3.11,"If two random variables X and Y are independent and take values in a group G, the Ruzsa distance between them is defined as the entropy of their difference minus half the entropy of X and half the entropy of Y.","\uses{ruz-dist-def} If $X,Y$ are independent $G$-random variables then $$ d[X ;Y] := \mathbb{H}[X - Y] - \mathbb{H}[X]/2 - \mathbb{H}[Y]/2.$$",Formal,rdist,PFR.ForMathlib.Entropy.RuzsaDist,PFR/ForMathlib/Entropy/RuzsaDist.lean,"The Ruzsa distance between two random variables X and Y is a real number calculated using the entropies of X, Y, and the difference of independent copies of X and Y. It is defined as the entropy of X' minus Y' minus half the entropy of X' minus half the entropy of Y', where X' and Y' are independent versions of X and Y. This measures a kind of divergence between the distributions of X and Y in an additive group setting.","rdist.{u_1, u_2, u_5} {Ω : Type u_1} {Ω' : Type u_2} {G : Type u_5} [mΩ : MeasurableSpace Ω] [mΩ' : MeasurableSpace Ω']
  [hG : MeasurableSpace G] [AddCommGroup G] (X : Ω → G) (Y : Ω' → G) (μ : MeasureTheory.Measure Ω := by volume_tac)
  (μ' : MeasureTheory.Measure Ω' := by volume_tac) : ℝ",Open,,,,,,,,,draft1-fi-089,primary,b84ea69b5a5d215ca29f9a35a3c5e31d337f252a532cb5f2469818d9761707d3,/p/b51ebe7ad6e2759e850056e6.html
not started,Formal expert,Formal / informal,Formal,MeasureTheory.UniformIntegrable.condExp',BrownianMotion.StochasticIntegral.UniformIntegrable,BrownianMotion/StochasticIntegral/UniformIntegrable.lean,"If a family of functions is uniformly integrable with respect to a finite measure, then the family of their conditional expectations over a collection of sub-sigma-algebras is also uniformly integrable with respect to the same measure.","MeasureTheory.UniformIntegrable.condExp'.{u_1, u_2, u_3, u_4} {ι : Type u_1} {κ : Type u_2} {Ω : Type u_3}
  {E : Type u_4} {mΩ : MeasurableSpace Ω} {μ : MeasureTheory.Measure Ω} {X : ι → Ω → E} [NormedAddCommGroup E]
  [NormedSpace ℝ E] [CompleteSpace E] [MeasureTheory.IsFiniteMeasure μ] (hX : MeasureTheory.UniformIntegrable X 1 μ)
  {𝓕 : κ → MeasurableSpace Ω} (h𝓕 : ∀ (i : κ), 𝓕 i ≤ mΩ) :
  MeasureTheory.UniformIntegrable (fun p => μ[X p.1 | 𝓕 p.2]) 1 μ",Informal,Asymptotic stability and mean ergodicity of Feller processes on Polish spaces,2511.13404,6.5,"If a family of random variables is uniformly integrable, then the family of their conditional expectations with respect to a given sub-sigma-algebra is also uniformly integrable.",Let $\{\xi_t\}_{t\ge0}$ be a family of uniformly integrable random variables and $\mathcal{G}$ be a sub $\sigma$-algebra of $\mathcal{F}$. Then $\{{\mathbb{E}}[\xi_t|\mathcal{G}]\}_{t\ge 0}$ is uniformly integrable.,Open,,,,,,,,,draft1-fi-090,primary,fb18afcf88e8c4da0e0d298f08c23ad16abef5848bd255363ee5e63b605fbefa,/p/307d9b9b02b28122bad1245f.html
not started,Formal expert,Formal / informal,Formal,FmodG_rightLimitAt_zero,SpherePacking.ModularForms.FG,SpherePacking/ModularForms/FG.lean,"As t approaches 0 from the positive side, the ratio F(it)/G(it) gets arbitrarily close to 18 divided by pi squared. This means the function FmodGReal(t) converges to 18/pi^2 when t is near zero and positive.","FmodG_rightLimitAt_zero :
  Filter.Tendsto FmodGReal (nhdsWithin 0 (Set.Ioi 0)) (nhdsWithin (18 * Real.pi ^ (-2)) Set.univ)",Informal,Algebraic proof of modular form inequalities for optimal sphere packings,2406.14659,0,The limit of the ratio F(it)/G(it) as t approaches 0 from the positive side equals 18 divided by pi squared.,\begin{equation} \lim_{t \to 0^+} \frac{F(it)}{G(it)} = \frac{18}{\pi^2}. \end{equation},Open,,,,,,,,,draft1-fi-091,primary,27a934fbae53d74ab23440ee98cf1b4f72d65c214904f608221ca48609564152,/p/bfb8c44ba2ecb3e4553ed253.html
not started,Formal expert,Formal / informal,Formal,Metric.coveringNumber,Mathlib.Topology.MetricSpace.CoveringNumbers,,"The covering number of a set A at radius ε is the smallest number of points inside A such that every point in A is within distance ε of at least one of those points, where the number can be finite or infinity. It counts how many small balls of radius ε centered in A are needed to cover all of A. The result is given as an extended natural number (including infinity).",Metric.coveringNumber.{u_1} {X : Type u_1} [PseudoEMetricSpace X] (ε : NNReal) (A : Set X) : ℕ∞,Informal,SeRA: Self-Reviewing and Alignment of Large Language Models using Implicit Reward Margins,2410.09362,1,The covering number is the smallest number of points needed so that every point in a given set is within a distance epsilon of at least one of these points. It measures how many small balls of radius epsilon are required to cover the entire set.,"Let $(A, d)$ be a metric space where $A$ is a set of points and $d$ is a distance measure. A set $C$ is an $\epsilon$-cover of $A$ if $\forall x\in A,~\exists y \in C$ such that $d(x, y) < \epsilon$. The covering number $\mathcal{N}(\epsilon, A, d)$ is defined as size of the smallest $\epsilon$-cover: \begin{equation*} \mathcal{N}(\epsilon, A, d) = \min \{ |C| \text{\; s.t.\; } C \text{ \;is an\; } \epsilon\text{-cover} \} \end{equation*}",Open,,,,,,,,,draft1-fi-092,primary,ceb9513f3e1ea270fddde7d2972f3b5ae5e23b4f2ba4018a7af70f57320f51a3,/p/afc852286a88b2177a8d7c57.html
not started,Formal expert,Formal / informal,Formal,Metric.coveringNumber,Mathlib.Topology.MetricSpace.CoveringNumbers,,"The covering number of a set A at radius ε is the smallest number of points inside A such that every point in A is within distance ε of at least one of those points, where the number can be finite or infinity. It counts how many small balls of radius ε centered in A are needed to cover all of A. The result is given as an extended natural number (including infinity).",Metric.coveringNumber.{u_1} {X : Type u_1} [PseudoEMetricSpace X] (ε : NNReal) (A : Set X) : ℕ∞,Informal,Margin-Based Transfer Bounds for Meta Learning with Deep Feature Embedding,2012.01602,3.1,The covering number is the smallest number of points needed so that every point in a given set is within a distance epsilon of at least one of these points. It measures how many small balls of radius epsilon are required to cover the entire set.,"Let $(M,d)$ be a metric space. A subset $\hat{T}$ is called an $\epsilon$-cover of $T \subseteq M$ if $\forall t \in T$, $\exists t' \in \hat{T}$ such that $d(t, t') \leq \epsilon$. The covering number of $T$ is the cardinality of the smallest $\epsilon$-cover of $T$, that is, $\mathcal{N}(\epsilon, T,d) \triangleq \min \Big\{|\hat{T}|\ \Big|\ \hat{T}\ is\ an\ \epsilon-cover\ of\ T\ \Big\}.$",Open,,,,,,,,,draft1-fi-093,primary,316a9041a802a45caa28eb4e0fe52b8d48c37c95f84369afbe4b6453a83abc2b,/p/bc55fd1190242214884fc935.html
not started,Informal reviewer,Formal / informal,Informal,The Polynomial Freiman-Ruzsa Conjecture,teorth/pfr,2.21,"The sum of the joint entropy of three variables X, Y, Z and the entropy of Z alone is less than or equal to the sum of the joint entropies of X and Z, and Y and Z. This inequality reflects a property of entropy related to how information shared among variables is bounded. It shows that combining X and Y with Z does not add more uncertainty than considering their individual combinations with Z. This is a form of submodularity in information theory.","With three random variables $X,Y,Z$, one has $$ \mathbb{H}[X,Y,Z] + \mathbb{H}[Z] \leq \mathbb{H}[X,Z] + \mathbb{H}[Y,Z].$$",Formal,ProbabilityTheory.Kernel.entropy_triple_add_entropy_le',PFR.ForMathlib.Entropy.Kernel.MutualInfo,PFR/ForMathlib/Entropy/Kernel/MutualInfo.lean,"For three random variables, the sum of the joint entropy of all three and the entropy of the first is less than or equal to the sum of the joint entropies of the first with the third and the first with the second. This inequality reflects the submodularity property of entropy in information theory.","ProbabilityTheory.Kernel.entropy_triple_add_entropy_le'.{u_2, u_3, u_4, u_5} {S : Type u_2} {T : Type u_3}
  {U : Type u_4} {V : Type u_5} [MeasurableSpace S] [MeasurableSpace T] [MeasurableSpace U] [MeasurableSpace V]
  [Countable S] [MeasurableSingletonClass S] [Countable T] [MeasurableSingletonClass T] [Countable U]
  [MeasurableSingletonClass U] [Countable V] [MeasurableSingletonClass V] {κ : ProbabilityTheory.Kernel T (S × U × V)}
  [ProbabilityTheory.IsZeroOrMarkovKernel κ] {μ : MeasureTheory.Measure T} [MeasureTheory.IsZeroOrProbabilityMeasure μ]
  [ProbabilityTheory.FiniteSupport μ] (hκ : κ.AEFiniteKernelSupport μ) :
  Hk[κ , μ] + Hk[κ.fst , μ] ≤ Hk[κ.deleteMiddle , μ] + Hk[κ.deleteRight , μ]",Open,,,,,,,,,draft1-fi-094,primary,5efe8e19e9afb59b9bb19a8e65e1ee61a3924c9f4032e886e0099a08fdf6419e,/p/f374334662079bc2a8a6829c.html
not started,Formal expert,Formal / informal,Formal,condRho_of_sum_le,PFR.RhoFunctional,PFR/RhoFunctional.lean,"If two random variables X and Y are independent, then the conditional rho value of X given their sum X+Y is at most half the sum of their individual rho values plus their mutual dependence term d[X;Y].","condRho_of_sum_le.{uG, u_1} {G : Type uG} [AddCommGroup G] [Finite G] [hGm : MeasurableSpace G]
  [DiscreteMeasurableSpace G] {Ω : Type u_1} [MeasurableSpace Ω] {μ : MeasureTheory.Measure Ω} {X Y : Ω → G}
  {A : Finset G} [Module (ZMod 2) G] [MeasureTheory.IsProbabilityMeasure μ] (hX : Measurable X) (hY : Measurable Y)
  (hA : A.Nonempty) (h_indep : ProbabilityTheory.IndepFun X Y μ) :
  ρ[X | X + Y ; μ # A] ≤ (ρ[X ; μ # A] + ρ[Y ; μ # A] + d[X; μ # Y; μ]) / 2",Informal,The Polynomial Freiman-Ruzsa Conjecture,teorth/pfr,13.26,"If two independent random variables X and Y are added together, the rho value of their sum is at most half the sum of their individual rho values plus half their dependence measure d[X;Y].","If $X,Y$ are independent, then $$ \rho(X+Y) \leq \frac{1}{2}(\rho(X)+\rho(Y) + d[X;Y]).$$",Open,,,,,,,,,draft1-fi-095,primary,f478b03701ecd4b7e170eabd36a82f0877cdd9ceb337894c27b51549d74d3486,/p/d534938b5a51976cd139ae44.html
not started,Formal expert,Formal / informal,Formal,BohrSet.IsRegular,APAP.Prereqs.Bohr.Regular,APAP/Prereqs/Bohr/Regular.lean,"A Bohr set is regular if slightly shrinking or expanding its width changes its size by only a small amount. In other words, the number of group elements in the set stays roughly the same when the defining widths are slightly adjusted. This means the set behaves predictably under small perturbations.",BohrSet.IsRegular.{u_1} {G : Type u_1} [AddCommGroup G] (B : BohrSet G) : Prop,Informal,An inverse theorem for the Gowers U^3 norm,math/0503014,2.6,"A Bohr set is called regular if its size does not change too much when its radius is slightly adjusted; specifically, scaling the radius by a factor close to 1 changes the size by at most a small multiple proportional to the number of characters and the scaling factor.","Let $S \subseteq \widehat{G}$, $|S| = d$, be a set of characters, and suppose that $\rho \in (0,1)$. A Bohr set $B(S,\rho)$ is said to be \emph{regular} if one has $$ (1-100d |\kappa|) |B(S,\rho)| \leqslant |B(S, (1+\kappa)\rho)| \leqslant (1+100d |\kappa|) |B(S,\rho)|$$ whenever $|\kappa| \leqslant 1/100d$.",Open,,,,,,,,,draft1-fi-096,primary,36329ab7e900b62174ba359afb6b2f446903ecef2cb08be1866d308ddff0f1c8,/p/7034a91a4fb95ebc214b11b2.html
not started,Formal expert,Formal / informal,Formal,Real.sum_mul_log_div_leq,PFR.Mathlib.Analysis.SpecialFunctions.NegMulLog,PFR/Mathlib/Analysis/SpecialFunctions/NegMulLog.lean,"If you have a finite set of non-negative numbers a_i and b_i, and whenever b_i is zero a_i is also zero, then the sum of a_i times the log of (a_i / b_i) is at least as big as the total sum of a_i times the log of (total sum of a_i divided by total sum of b_i). This inequality relates a weighted sum of logarithms to the logarithm of a ratio of sums.","Real.sum_mul_log_div_leq.{u_1} {ι : Type u_1} {s : Finset ι} {a b : ι → ℝ} (ha : ∀ i ∈ s, 0 ≤ a i)
  (hb : ∀ i ∈ s, 0 ≤ b i) (habs : ∀ i ∈ s, b i = 0 → a i = 0) :
  (∑ i ∈ s, a i) * Real.log ((∑ i ∈ s, a i) / ∑ i ∈ s, b i) ≤ ∑ i ∈ s, a i * Real.log (a i / b i)",Informal,Lower tails via relative entropy,2104.04850,13,"For a finite set of nonnegative real numbers a_i and b_i, where a_i is zero whenever b_i is zero, the sum of a_i times the logarithm of (a_i divided by b_i) is at least equal to the total sum of all a_i times the logarithm of (the total a divided by the total b). Equality occurs exactly when each a_i times the total b equals the total a times b_i.","Suppose that $I$ is a finite set and, for each $i \in I$, let $a_i$ and $b_i$ be nonnegative reals such that $a_i = 0$ whenever $b_i = 0$. Then, letting $a = \sum_{i \in I} a_i$ and $b = \sum_{i \in I} b_i$, we have \[ \sum_{i \in I} a_i \log \frac{a_i}{b_i} \geqslant a \log \frac{a}{b}. \] Moreover, equality holds above if and only if $a_ib = ab_i$ for every $i \in I$.",Open,,,,,,,,,draft1-fi-097,primary,08d9315cc3cb879a6383110b1017b3a830f7101900cc20aaacf129730ca5805f,/p/1b0c7f1085dafd6c6857aac8.html
not started,Formal expert,Formal / informal,Formal,BSG,AddCombi.BSG,AddCombi/BSG.lean,"If two finite subsets A and B of an abelian group have high additive energy relative to their sizes, then A contains a large subset A' such that the set of differences A' - A' is not too large compared to the size of B.","BSG.{u_1} {G : Type u_1} [AddCommGroup G] [Fintype G] [DecidableEq G] {A B : Finset G} {K : ℝ} (hK : 0 ≤ K)
  (hB : B.Nonempty) (hAB : K⁻¹ * (↑A.dens ^ 2 * ↑B.dens) ≤ ↑(A.addEnergy' B)) :
  ∃ A' ⊆ A, (2 ^ 4)⁻¹ * K⁻¹ * ↑A.dens ≤ ↑A'.dens ∧ ↑(A' - A').dens ≤ 2 ^ 10 * K ^ 5 * ↑B.dens ^ 4 / ↑A.dens ^ 3",Informal,Higher moments of convolutions,1110.2986,24,"If two sets A and B in a finite Abelian group have high additive energy relative to their sizes, then there is a large subset B1 of B whose dimension is not too large and whose additive energy with A is still a significant fraction of the original. Moreover, B1 is guaranteed to be at least a fixed proportion of B in size, and if B equals A, then B1 has substantial additive energy within itself and is also relatively large compared to A.","Let ${\mathbf G}$ be a finite Abelian group, $A,B \subseteq {\mathbf G}$ be two sets, and $c\in (0,1]$. Suppose $\mathsf {E} (A,B) \gs c |A| |B|^2;$ then there exist a set $B_1 \subseteq B$ such that $\dim (B_1) \ll c^{-1} \log |A|$ and \begin{equation} \mathsf {E} (A,B_1) \gs 2^{-5} \mathsf {E}(A,B). \end{equation} In particular, $|B_1| \gs 2^{-3} c^{1/2} |B|$. If $B=A$ then $\mathsf {E}(B_1) \gs 2^{-10}\mathsf {E}(A)$ and, consequently, $|B_1| \gs 2^{-4} c^{1/3} |A|$.",Open,,,,,,,,,draft1-fi-098,primary,b6cf133fef8080586a8ea618231f6ec8b96f986789ddf5752c2b9908695573f1,/p/5eeaeed3ed664cdff9c53724.html
not started,Informal reviewer,Formal / informal,Informal,The Polynomial Freiman-Ruzsa Conjecture,teorth/pfr,13.18,"If H is a finite subgroup of G and the rho value of U_H is at most r, then there is some shift t such that the intersection of A with the shifted subgroup H+t has size at least e^-r times the square root of |A| times |H|, and the ratio |H|/|A| is between e^-2r and e^2r.","\uses{rho-def} If $H$ is a finite subgroup of $G$, and $\rho(U_H) \leq r$, then there exists $t$ such that $|A \cap (H+t)| \geq e^{-r} \sqrt{|A||H|}$, and $|H|/|A|\in[e^{-2r},e^{2r}]$.",Formal,rho_of_submodule,PFR.RhoFunctional,PFR/RhoFunctional.lean,"If H is a finite subgroup of G and the rho value of a uniformly distributed function over H is at most r, then there exists a shift t such that the intersection of set A with the shifted subgroup (H + t) is relatively large, specifically at least exp(-r) times the square root of |A| times the square root of |H|, and the sizes of A and H are within a factor of exp(2r) of each other.","rho_of_submodule.{uG, u_1} {G : Type uG} [AddCommGroup G] [Finite G] [hGm : MeasurableSpace G]
  [DiscreteMeasurableSpace G] {Ω : Type u_1} [MeasurableSpace Ω] {μ : MeasureTheory.Measure Ω}
  [MeasureTheory.IsProbabilityMeasure μ] [Module (ZMod 2) G] {H : Submodule (ZMod 2) G} {U : Ω → G}
  (hunif : ProbabilityTheory.IsUniform (↑H) U μ) {A : Finset G} (hA : A.Nonempty) (hU : Measurable U) (r : ℝ)
  (hr : ρ[U ; μ # A] ≤ r) :
  ∃ t,
    Real.exp (-r) * ↑(Nat.card ↥A) ^ (1 / 2) * ↑(↑H).ncard ^ (1 / 2) ≤ ↑(Nat.card ↑(↑A ∩ (t +ᵥ ↑H))) ∧
      ↑(Nat.card ↥A) ≤ Real.exp (2 * r) * ↑(↑H).ncard ∧ ↑(↑H).ncard ≤ Real.exp (2 * r) * ↑(Nat.card ↥A)",Open,,,,,,,,,draft1-fi-099,primary,dce2e1407b308d23a15258fdb5122f81412cc359d71171988957a6f564d244aa,/p/348a558d60ddeb4db3182713.html
not started,Informal reviewer,Formal / informal,Informal,Fermat's Last Theorem for regular primes,leanprover-community/flt-regular,4.7,"For an odd regular prime p, there are no integer solutions to the equation x^p + y^p = z^p when the product xyz is not divisible by p.","Let $p$ be an odd regular prime. Then \[x^p+y^p=z^p\] has no solutions with $x,y,z \in \mathbb{Z}$ and $\gcd(xyz,p)=1$.",Formal,FltRegular.not_exists_Int_solution',FltRegular.CaseII.Statement,FltRegular/CaseII/Statement.lean,"There are no integers x, y, z such that x^p + y^p = z^p when p is an odd prime number, z is divisible by p, z is not zero, and the greatest common divisor of x, y, z is 1, provided that p is a regular prime.","FltRegular.not_exists_Int_solution' {p : ℕ} [hpri : Fact (Nat.Prime p)] (hreg : IsRegularPrime p) (hodd : p ≠ 2) :
  ¬∃ x y z, {x, y, z}.gcd id = 1 ∧ ↑p ∣ z ∧ z ≠ 0 ∧ x ^ p + y ^ p = z ^ p",Open,,,,,,,,,draft1-fi-100,primary,7dd09ed0485b22925850767080400a4e7b712fb300d425a1cde5a3f4fcfae6b7,/p/84f9b348d34e61bcb5fb763f.html
not started,Informal reviewer,Formal / informal,Informal,Toric varieties,YaelDillies/toric,3.1.28,A cone is called salient if the only point it shares with its negative is the origin. This means it does not contain any complete line through the origin. Such cones are also referred to as pointed or strongly convex.,"\uses{} A cone $\sigma$ is {\bf salient}, aka {\bf pointed} or {\bf strongly convex}, if $\sigma \cap (-\sigma) = \{0\}$.",Formal,ReallyConvex.finsum_mem,SphereEversion.ToMathlib.Analysis.Convex.Basic,SphereEversion/ToMathlib/Analysis/Convex/Basic.lean,"If a set is really convex, then any finite weighted sum of points from the set, using non-negative weights that add up to one, is also in the set. The weights come from an ordered semiring, and the points are in a module over that semiring. Only points with non-zero weights need to be in the set, and the sum is taken over all indices where the weight function is non-zero.","ReallyConvex.finsum_mem.{u_1, u_3, u_6} {𝕜 : Type u_1} {E : Type u_3} [Semiring 𝕜] [PartialOrder 𝕜] [AddCommMonoid E]
  [Module 𝕜 E] {s : Set E} [Nontrivial 𝕜] [IsOrderedRing 𝕜] (hs : ReallyConvex 𝕜 s) {«ι» : Type u_6} {w : «ι» → 𝕜}
  {z : «ι» → E} (h₀ : ∀ (i : «ι»), 0 ≤ w i) (h₁ : ∑ᶠ (i : «ι»), w i = 1) (hz : ∀ i ∈ Function.support w, z i ∈ s) :
  ∑ᶠ (i : «ι»), w i • z i ∈ s",Open,,,,,,,,,draft1-fi-101,primary,661202bd98487e3acf672d32db631916a72d495461d26e38b76fc67af1f41602,/p/2bede6dfc61b3ecc66dbd50a.html
not started,Informal reviewer,Formal / informal,Informal,Toric varieties,YaelDillies/toric,3.1.9,"A face of a cone is a subset formed by intersecting the cone with a halfspace, and it is called a proper face if it is not the entire cone.","\uses{} If $\sigma$ is a cone, then a subset of $\sigma$ is a {\bf face} iff it is the intersection of $\sigma$ with some halfspace. We write this $\tau \preceq \sigma$. If furthermore $\tau \ne \sigma$, we call $\tau$ a proper face and write $\tau \prec \sigma$.",Formal,Cslib.CLL.PhaseSpace.sInf_isFact,Cslib.Logics.LinearLogic.CLL.PhaseSemantics.Basic,Cslib/Logics/LinearLogic/CLL/PhaseSemantics/Basic.lean,"The intersection of any collection of facts in a phase space is itself a fact. A fact is a subset that remains unchanged when taking its biorthogonal closure. This property holds because facts are precisely the closed sets under the biorthogonal closure operator, and arbitrary intersections of such closed sets are closed.","Cslib.CLL.PhaseSpace.sInf_isFact.{u_1} {P : Type u_1} [Cslib.CLL.PhaseSpace P] {S : Set (Cslib.CLL.PhaseSpace.Fact P)} :
  Cslib.CLL.PhaseSpace.isFact (sInf ((fun F => ↑F) '' S))",Open,,,,,,,,,draft1-fi-102,primary,418577813e3d891311fb770b2db184c80b8a1f580f8cac5787cbf08b7dabfb39,/p/384beb62a2c07a355e7e86b7.html
not started,Informal reviewer,Formal / informal,Informal,Chandra-Furst-Lipton,YaelDillies/chandra-furst-lipton,2.8,"The deterministic communication complexity of a function F, written D(F), is the smallest amount of communication needed by any deterministic protocol that correctly computes F in the number-on-the-forehead model.","\uses{def:det-protocol-complex} The {\bf deterministic communication complexity of a function} $F$, denoted $D(F)$, is the minimum of the communication complexity of $P$ when $P$ ranges over all NOF protocols.",Formal,Cslib.Automata.DA.toNA,Cslib.Computability.Automata.DA.ToNA,Cslib/Computability/Automata/DA/ToNA.lean,Every deterministic automaton can be viewed as a special kind of nondeterministic automaton by treating its single initial state as a set containing that one state and interpreting its deterministic transitions as a special case of nondeterministic transitions. The conversion uses the fact that a function with one output is a special case of a relation that may have multiple outputs. This allows deterministic automata to be used wherever nondeterministic ones are expected.,"Cslib.Automata.DA.toNA.{u_1, u_2} {State : Type u_1} {Symbol : Type u_2} (a : Cslib.Automata.DA State Symbol) :
  Cslib.Automata.NA State Symbol",Open,,,,,,,,,draft1-fi-103,primary,bf4a0214b1d93f02a045a5aec5d93be4b4a634f212250ef018df831afa2d08c8,/p/54992a3ca5ac6c95a6e6e0f1.html
not started,Informal reviewer,Formal / informal,Informal,Equational Theories Project,teorth/equational_theories,,"The free magma generated by a set X consists of all finite expressions formed from elements of X using a binary operation, where each expression is called a word. The order of a word is the number of times the operation is used to build it. Words made only of elements from X with no operations have order zero. This structure has no imposed rules or simplifications on how the operation combines elements.",\lean{FreeMagma}\leanok\uses{magma-def} The \emph{free magma} $M_X$ generated by a set $X$ (which we call an \emph{alphabet}) is the set of all finite formal expressions built from elements of $X$ and the operation $\op$. An element of $M_X$ will be called a \emph{word} with alphabet $X$. The \emph{order} of a word is the number of $\op$ symbols needed to generate the word. Thus for instance $X$ is precisely the set of words of order $0$ in $M_X$.,Formal,Cslib.FreeM.instMonad,Cslib.Foundations.Control.Monad.Free,Cslib/Foundations/Control/Monad/Free.lean,"The FreeM type constructor, which builds trees of computations from any type constructor F, supports a monad structure that allows sequencing of effectful operations using pure and bind. This means values can be wrapped into FreeM and computations can be chained together, with each step determining the next. The monad instance ensures FreeM F behaves like a standard monadic type in functional programming.","Cslib.FreeM.instMonad.{u, v, u_1} {F : Type u → Type v} : Monad (Cslib.FreeM F)",Open,,,,,,,,,draft1-fi-104,primary,476acb6608562b8f4841f6fbbe4d040d44e1249b9590bfb9608eee16bf0aebdd,/p/6d19f7f6f82064eaa82099fb.html
not started,Informal reviewer,Formal / informal,Informal,The sphere eversion project,leanprover-community/sphere-eversion,2.13,"The complement of a linear subspace with codimension at least 2 is path-connected and every point in the ambient space can be expressed as a convex combination of points outside the subspace, showing the complement is ample.",The complement of a linear subspace of codimension at least 2 is ample.,Formal,SpherePacking.Dim24.Uniqueness.RigidityClassify.IsZLatticeOfUnimodular.volume_univ_orthogonal_eq_top,SpherePacking.Dim24.Uniqueness.Rigidity.Classify.Niemeier.IsZLatticeOfUnimodular,SpherePacking/Dim24/Uniqueness/Rigidity/Classify/Niemeier/IsZLatticeOfUnimodular.lean,"If the real span of a Z-lattice in 24-dimensional space does not cover the entire space, then the orthogonal complement of that span has infinite volume.","SpherePacking.Dim24.Uniqueness.RigidityClassify.IsZLatticeOfUnimodular.volume_univ_orthogonal_eq_top
  (L : Submodule ℤ (EuclideanSpace ℝ (Fin 24)))
  (h : SpherePacking.Dim24.Uniqueness.RigidityClassify.IsZLatticeOfUnimodular.spanR L ≠ ⊤) :
  MeasureTheory.volume Set.univ = ⊤",Open,,,,,,,,,draft1-fi-105,primary,2fe042a59c3b199418a002320d22706f0ae7ed58581110322a9f2a2a4f5c7858,/p/97d9deaa8ebad5f7c0cfd9c7.html
not started,Informal reviewer,Formal / informal,Informal,Chandra-Furst-Lipton,YaelDillies/chandra-furst-lipton,1.2,"A tuple of elements from G raised to the power d is called a forbidden pattern if, for some specific element v, every entry a sub i j equals the j-th component of v whenever i and j are different. The element v is referred to as the tip of the pattern. Such a tuple is considered a forbidden pattern if it meets this condition for at least one v.","\uses{} We say a tuple $(a_1, \dots, a_d) : (G^d)^d$ is a {\bf forbidden pattern with tip $v : G^d$} if $$a_{i, j} = v_j$$ for all $i, j$ distinct. We also simply say $(a_1, \dots, a_d)$ is a {\bf forbidden pattern} if it is a forbidden pattern with tip $v$ for some $v$.",Formal,HasMulVCDimAtMost.univ,FormalConjecturesForMathlib.Combinatorics.Additive.VCDim,FormalConjecturesForMathlib/Combinatorics/Additive/VCDim.lean,"In any abelian group, the entire set of elements has multiplicative VC dimension at most d if there is no way to find two sequences x (of length d+1) and y (of length 2^(d+1)) such that y_s * x_i is in the set exactly when index i is in subset s.",HasMulVCDimAtMost.univ.{u_1} {G : Type u_1} [CommGroup G] {d : ℕ} : HasMulVCDimAtMost Set.univ d,Open,,,,,,,,,draft1-fi-106,primary,b301a97b7d13bc28263510fa32dd811e7469d1717d24bfa6ef89e4dad7683052,/p/69705ccb1a650d5ba8adc072.html
not started,Informal reviewer,Formal / informal,Informal,Gibbs Measures,YaelDillies/gibbs-measure,1.22,"ISSSDs are proper specifications, meaning that if a system meets the ISSSD condition for a given parameter nu, then it satisfies all the requirements of a proper specification as defined in the referenced definitions.","\uses{def:isssd, def:proper-spec} $\ISSSD(\nu)$ is a proper specification.",Formal,Specification.IsProper.of_inter_eq_indicator_mul,GibbsMeasure.Specification,GibbsMeasure/Specification.lean,"A specification is proper if, for every finite set of indices and any two measurable sets A and B, the measure of A ∩ B under a boundary condition equals the indicator function of B evaluated at that condition multiplied by the measure of A. This means the specification correctly handles intersections with measurable sets in a way consistent with basic properties of measures. Properness ensures the local probability kernels behave like valid measures.","Specification.IsProper.of_inter_eq_indicator_mul.{u_1, u_2} {S : Type u_1} {E : Type u_2} {mE : MeasurableSpace E}
  {γ : Specification S E} :
  (∀ (Λ : Finset S) ⦃A : Set (S → E)⦄,
      MeasurableSet A →
        ∀ ⦃B : Set (S → E)⦄, MeasurableSet B → ∀ (η : S → E), ((γ Λ) η) (A ∩ B) = B.indicator 1 η * ((γ Λ) η) A) →
    γ.IsProper",Open,,,,,,,,,draft1-fi-107,primary,7861a3398f4177c4e287f0556945f0f4508abfbedae11d00da4d2e7a09838ce3,/p/d2f97509dbc911aa3ef2d797.html
not started,Informal reviewer,Formal / informal,Informal,Gibbs Measures,YaelDillies/gibbs-measure,1.21,ISSSD nu is a specification.,"\uses{lem:isssd-indep, def:spec} $\ISSSD(\nu)$ is a specification.",Formal,Specification.instDFunLike,GibbsMeasure.Specification,GibbsMeasure/Specification.lean,"A Specification S E is treated as a function-like object that, for any finite subset Λ of S, gives a probability kernel from functions S → E to themselves, where these kernels respect the measurable structure on E. This allows a specification to be applied directly to a finite set to get a probabilistic transition rule. The instance ensures that specifications can be used like functions in a mathematically consistent way.","Specification.instDFunLike.{u_1, u_2} {S : Type u_1} {E : Type u_2} {mE : MeasurableSpace E} :
  DFunLike (Specification S E) (Finset S) fun Λ => ProbabilityTheory.Kernel (S → E) (S → E)",Open,,,,,,,,,draft1-fi-108,primary,5737b9de0d27e2386c686b998f9e37d4e34f1d220549d74c115811ead0518bdb,/p/f71aff50f670631763449dd2.html
not started,Informal reviewer,Formal / informal,Informal,Toric varieties,YaelDillies/toric,3.1.24,"The relative interior of a cone is the set of points inside the cone that are not on its boundary, considering only the space formed by the cone's span. It is the largest open set within the cone relative to the smallest vector space containing it.","\uses{} The {\bf relative interior}, aka {\bf intrinsic interior}, of a cone $\sigma$ is the interior of $\sigma$ as a subset of its span.",Formal,Set.Annulus.cc_subset_oi,Carleson.ToMathlib.Annulus,Carleson/ToMathlib/Annulus.lean,"If r2 is less than r1, then the closed annulus centered at a point x with inner radius r1 and outer radius R1 is contained within the open-inward annulus centered at x with inner radius r2. The closed annulus includes all points from distance r1 to R1 from x, while the open-inward annulus includes all points more than r2 away from x. Since r2 < r1, any point at least r1 from x is also more than r2 from x.","Set.Annulus.cc_subset_oi.{u_1} {X : Type u_1} [PseudoMetricSpace X] {x : X} {r₁ R₁ r₂ : ℝ} (hr : r₂ < r₁) :
  Set.Annulus.cc x r₁ R₁ ⊆ Set.Annulus.oi x r₂",Open,,,,,,,,,draft1-fi-109,primary,ec197c69892c4ea51de9d94c7559ad9f247cab5396fb2ef260e29a00d0b1e5f9,/p/47799159cb18afef518914ed.html
not started,Informal reviewer,Formal / informal,Informal,Fermat's Last Theorem for regular primes,leanprover-community/flt-regular,2.5,The discriminant of one basis for a number field over the rationals equals the discriminant of another basis multiplied by the square of the determinant of the change of basis matrix.,"Let $K$ be a number field and $B,B'$ bases for $K/\mathbb{Q}$. If $P$ denotes the change of basis matrix, then \[\Delta(B)=\det(P)^2 \Delta(B').\]",Formal,GaloisRep.frame_baseChange,FLT.Deformations.RepresentationTheory.GaloisRep,FLT/Deformations/RepresentationTheory/GaloisRep.lean,"When you change the base ring of a Galois representation using an algebra map, the framed representation obtained after base change agrees with the base change of the original framed representation; specifically, the frame defined by a basis after extending scalars matches the extension of the original frame defined by the same basis.","GaloisRep.frame_baseChange.{uK, u_2, u_3, u_4, u_6} {K : Type uK} [Field K] {A : Type u_2} [CommRing A]
  [TopologicalSpace A] (B : Type u_3) [CommRing B] [TopologicalSpace B] {M : Type u_4} [AddCommGroup M] [Module A M]
  {n : Type u_6} [Fintype n] [DecidableEq n] [IsTopologicalRing A] [IsTopologicalRing B] [Algebra A B]
  [ContinuousSMul A B] [Module.Finite A M] [Module.Free A M] (ρ : GaloisRep K A M) (b : Module.Basis n A M) :
  (GaloisRep.baseChange B ρ).frame (Module.Basis.baseChange B b) = (ρ.frame b).baseChange (algebraMap A B) ⋯",Open,,,,,,,,,draft1-fi-110,primary,170c856122651f8d9967bef5877ca385709d36ebeab6de5c13bcbc481c14da27,/p/0b89702428a7575f87a2ee0d.html
not started,Informal reviewer,Formal / informal,Informal,Brownian motion project,RemyDegenne/brownian-motion,1.5.35,"A log-size ball sequence is a process in a metric space where, starting from a finite set J, points are iteratively removed in balls around selected centers, with radii based on a logarithmic size measure, until no points remain. The sequence tracks the remaining points, chosen centers, and associated radii at each step. The removal radius decreases by a fixed factor c adjusted by the log-size radius minus one. This continues as long as points are left in the set.","\uses{def:logSizeRadius} \mathlibok \lean{PairReduction.logSizeBallSeq} Let $(T,d_T)$ be a metric space and let $J \subseteq T$ be finite, $a,c \in \mathbb R_+$ with $a \ge 1$ and $n \in \{1, 2, ...\}$ such that $|J| \le a^n$. An log-size ball sequence for $(J, a, c, n)$ is a sequence of $(V_i, t_i, r_i)_{i \in \mathbb{N}}$ such that \begin{itemize} \item $V_0 = J$, $t_0$ is an arbitrary point in $J$, \item for all $i$, $r_i$ is the log-size radius of $t_i$ in $V_i$, \item $V_{i+1} = V_i \setminus B_{V_i}(t_i, (r_i - 1)c)$, $t_{i+1}$ is arbitrarily chosen in $V_{i+1}$. \end{itemize}",Formal,maximalFunction_seq,Carleson.ToMathlib.HardyLittlewood,Carleson/ToMathlib/HardyLittlewood.lean,"maximalFunction_seq takes a sequence of balls in a metric space, defined by centers c and radii r, a measure μ, a countable index set 𝓑, a function v from the space to a normed group, and natural numbers q and k, and returns the supremum of the q-th power of the average norm of v over certain subcollections of these balls, weighted by μ, resulting in an extended non-negative real number. The subcollections are selected using a truncation function tr that depends on the countability of 𝓑 and the index k. This construction is used to analyze local averaging behavior of functions in a sequential and measurable setting.","maximalFunction_seq.{u_1, u_2, u_3} {X : Type u_1} {E : Type u_2} [MetricSpace X] [MeasurableSpace X]
  [NormedAddCommGroup E] {ι : Type u_3} (μ : MeasureTheory.Measure X) {𝓑 : Set ι} (h𝓑 : 𝓑.Countable) (c : ι → X)
  (r : ι → ℝ) (q : ℝ) (v : X → E) (k : ℕ) (z : X) : ENNReal",Open,,,,,,,,,draft1-fi-111,primary,1c51fdc1075eb4164e922954e4c889295fa43b4edae23c911a2e487dfbd4b13d,/p/8f640b3528ffa286ecfcf6b6.html
not started,Informal reviewer,Formal / informal,Informal,Fermat's Last Theorem,ImperialCollegeLondon/FLT,11.5,"Y is the set of all products xy where x and y are elements of X, and this set Y is a subset of D_A. X itself is defined as the set of all differences e minus f where e and f are in E.","Define $Y:=X.X:=\{xy:x,y\in X\}\subseteq D_{\mathbb{A}}$.",Formal,Set.pi_subset_pi_of_superset,FLT.Mathlib.Data.Set.Prod,FLT/Mathlib/Data/Set/Prod.lean,"If s1 is a subset of s2, then the product of sets t over s2 is contained in the product of sets t over s1. This means restricting a product to a smaller index set gives a larger set of functions. The result follows from the definition of product over a set.","Set.pi_subset_pi_of_superset.{u_1, u_2} {ι : Type u_1} {α : ι → Type u_2} {s₁ s₂ : Set ι} {t : (i : ι) → Set (α i)}
  (h : s₁ ⊆ s₂) : s₂.pi t ⊆ s₁.pi t",Open,,,,,,,,,draft1-fi-112,primary,12d429ea3d9001cbb60a96627e696a9129fe09824f23917179586d373012092e,/p/fea90e4ace66f3374410bf7a.html
not started,Informal reviewer,Formal / informal,Informal,Chandra-Furst-Lipton,YaelDillies/chandra-furst-lipton,3.3,"If a NOF protocol correctly computes eval within time t, then any monochromatic forbidden pattern must be trivial. This means non-trivial monochromatic patterns cannot be forbidden in such protocols. The result links protocol correctness and pattern simplicity in the NOF model.","\uses{def:forbidden-pattern, def:valid-protocol, def:eval} Given $P$ a NOF protocol valid in time $t$ for $\eval$, all monochromatic forbidden patterns are trivial.",Formal,NOF.Protocol.IsValid,ChandraFurstLipton.NOFModel,ChandraFurstLipton/NOFModel.lean,"A protocol P is valid for a group G with d players and a function F if, for every possible input function x that assigns group elements to players, the broadcast behavior of P on x eventually matches the output of F after some number of steps t, where correctness is checked using modular arithmetic and the inputs that each player can see (all except their own).",NOF.Protocol.IsValid.{u_2} {G : Type u_2} {d : ℕ} (P : NOF.Protocol G d) (F : (ZMod d → G) → Bool) (t : ℕ) : Prop,Open,,,,,,,,,draft1-fi-113,primary,04c9cef3a69ff3f8190526662b9413198f4f18fc34df6a2e92fa5c47b30df5bc,/p/05cf13051347abbd9c134f63.html
not started,Informal reviewer,Formal / informal,Informal,Chandra-Furst-Lipton,YaelDillies/chandra-furst-lipton,2.10,"If a group of inputs forms a forbidden pattern in a NOF protocol and all of them produce the same broadcast history at a given time, then the tip of that pattern must also produce the same broadcast history at that time.","\uses{def:forbidden-pattern, def:valid-protocol} Given $P$ a NOF protocol and a time $t$, if $(a_1, \dots, a_d)$ is a forbidden pattern with tip $v$ such that $\broad(a_i, t)$ equals some fixed broadcast history $b$ for all $i$, then $\broad(v, t) = b$ as well.",Formal,NOF.IsForbiddenPattern,ChandraFurstLipton.MultidimCorners,ChandraFurstLipton/MultidimCorners.lean,"A pattern is considered forbidden if there exists some pair of indices where the function a applied to two values and their combination does not meet a required condition, meaning the configuration violates a rule defined by the function a. This happens when the output of a(i,j) on v(i) and v(j) does not match what is expected for valid patterns.","NOF.IsForbiddenPattern.{u_1, u_2} {ι : Type u_1} {G : Type u_2} (a : ι → ι → G) : Prop",Open,,,,,,,,,draft1-fi-114,primary,7cd51e661b0f3a4e2fd76171489c27f9d85aefe9f847611f7d2381decfd203ba,/p/06009c8bf3b6804e7ea6f537.html
not started,Informal reviewer,Formal / informal,Informal,Brownian motion project,RemyDegenne/brownian-motion,1.3.27,The average value of a multivariate Gaussian distribution with parameters m and Sigma is m.,"\uses{def:multivariateGaussian} \leanok \lean{ProbabilityTheory.integral_id_multivariateGaussian} The mean of the multivariate Gaussian measure $\mathcal{N}(m, \Sigma)$ is $m$.",Formal,ProbabilityTheory.hasLaw_eval_gaussianProjectiveFamily,BrownianMotion.Gaussian.ProjectiveLimit,BrownianMotion/Gaussian/ProjectiveLimit.lean,"For any finite set I of non-negative real numbers and any s in I, the evaluation of the gaussian projective family measure at s has a Gaussian distribution with mean 0 and variance equal to s. This means the random variable mapping a function x to its value at s follows a normal distribution centered at zero with variance s under the given measure. The result confirms the marginal distribution of a specific coordinate in the projective limit construction is Gaussian.","ProbabilityTheory.hasLaw_eval_gaussianProjectiveFamily {I : Finset NNReal} (s : ↥I) :
  ProbabilityTheory.HasLaw (fun x => x s) (ProbabilityTheory.gaussianReal 0 ↑s)
    (ProbabilityTheory.gaussianProjectiveFamily I)",Open,,,,,,,,,draft1-fi-115,primary,fde667fad0a6f835c90eba76d2da689edcef4ad742806002051ec9c72503f336,/p/7f74446cbc215f753b356dec.html
not started,Informal reviewer,Formal / informal,Informal,Chandra-Furst-Lipton,YaelDillies/chandra-furst-lipton,2.7,"The communication complexity of a NOF protocol for a function F is the minimum time needed for the protocol to work correctly on all possible inputs, or infinite if it never works.","\uses{def:valid-protocol} The {\bf communication complexity of a NOF protocol $P$ for $F$} is the smallest time $t$ such that $P$ is valid in $F$ at time $t$ on all inputs $x$, or $\infty$ if no such $t$ exists.",Formal,NOF.Protocol.broadcast_zero,ChandraFurstLipton.NOFModel,ChandraFurstLipton/NOFModel.lean,"When a communication protocol broadcasts a message based on a function of player inputs modulo d, the result at time 0 is always an empty list, meaning no bits are transmitted at the first step.",NOF.Protocol.broadcast_zero.{u_2} {G : Type u_2} {d : ℕ} (P : NOF.Protocol G d) (x : ZMod d → G) : P.broadcast x 0 = [],Open,,,,,,,,,draft1-fi-116,primary,a90858979e55fe0524eb84c9f9dfee319828c498d1e30237f7799d18748606c1,/p/b761aa30ae9068ec255a7f75.html
not started,Formal expert,Formal / informal,Formal,ordConnected_C5,Carleson.Discrete.ForestUnion,Carleson/Discrete/ForestUnion.lean,"The theorem ordConnected_C5 states that under certain structured conditions involving a metric space, tile structure, and proof data, the set denoted by ℭ₅ k n j is ord-connected, meaning its elements form a chain where any two are comparable in order. This relies on default constants and a distinguished point cancelPt, within a framework designed for discrete forest union arguments in harmonic analysis. The result is part of a larger development formalizing Carleson's theorem.","ordConnected_C5.{u_1} {X : Type u_1} {a : ℕ} {q : ℝ} {K : X → X → ℂ} {σ₁ σ₂ : X → ℤ} {F G : Set X} [MetricSpace X]
  [ProofData a q K σ₁ σ₂ F G] [TileStructure Q (defaultD a) (defaultκ a) (defaultS X) (cancelPt X)] {k n j : ℕ} :
  (ℭ₅ k n j).OrdConnected",Informal,An Analysis of Blockchain Consistency in Asynchronous Networks: Deriving a Neat Bound,1909.06587,8,"If the value c, defined as 1 divided by (p times n times Delta), is greater than or equal to a certain expression involving mu, nu, Delta, and delta_5, and if delta_5 is a positive number smaller than the natural log of (mu divided by nu), then another inequality involving c necessarily follows. This relationship is guaranteed by a specific lemma. The condition on delta_5 ensures the validity of the initial inequality.","Inequality~(\ref{eq-prop-eq-bound-c-step-0}) means that if $c$ denoting $\frac{1}{p n \Delta}$ satisfies \begin{align} \textstyle{c \geq \left[ \frac{2\mu}{\ln (\mu / \nu)} + \frac{\mu}{\Delta}\right] \cdot \left(1+\frac{\delta_5 \iffalse_7 \fi }{\ln \frac{\mu}{\nu} - \delta_5 \iffalse_7 \fi }\right) ,} \end{align} where $\delta_5$ satisfies $0<\delta_5 \iffalse_7 \fi < \ln \frac{\mu}{\nu}$ (i.e., Inequality~(\ref{eq-define-delta_2-upperbound})), then Inequality~(\ref{eq-c-lower-bound-prop-eq-bound-c-step-1}) follows. Thus, under Inequality~(\ref{eq-define-delta_2-upperbound}), we have \begin{align} \textup{Inequality~(\ref{eq-c-lower-bound-prop-eq-bound-c-step-1})} \xLeftarrow{\textup{Lemma~\ref{prop-eq-bound-c-step-0}}}\textup{Inequality~(\ref{eq-c-lower-bound-prop-eq-bound-c-step-0})} . \end{align}",Open,,,,,,,,,draft1-fi-117,primary,66d89299ef828995f9c535db0c74ed4dcd757921e416733fe5c32106f35654ee,/p/43664c4708dac43a24bfa13a.html
not started,Informal reviewer,Formal / informal,Informal,Gibbs Measures,YaelDillies/gibbs-measure,1.20,ISSSD of nu is independent.,"\uses{def:isssd, def:indep-spec} {} $\ISSSD(\nu)$ is independent.",Formal,independenceCondition3,PFR.Endgame,PFR/Endgame.lean,"If four measurable functions X1, X2, X1', X2' from a probability space to a finite additive group are independent, then the functions X1', X2, and the sum X1 + X2' are also independent.","independenceCondition3.{u_1, u_4} {G : Type u_1} [AddCommGroup G] [Finite G] [hG : MeasurableSpace G]
  [MeasurableSingletonClass G] {Ω : Type u_4} [mΩ : MeasureTheory.MeasureSpace Ω] {X₁ X₂ X₁' X₂' : Ω → G}
  (hX₁ : Measurable X₁) (hX₂ : Measurable X₂) (hX₁' : Measurable X₁') (hX₂' : Measurable X₂')
  (h_indep : ProbabilityTheory.iIndepFun ![X₁, X₂, X₁', X₂'] MeasureTheory.volume) :
  ProbabilityTheory.iIndepFun ![X₁', X₂, X₁ + X₂'] MeasureTheory.volume",Open,,,,,,,,,draft1-fi-118,primary,60f127445b3df424b59a55f006abfdb48f5ad369940eedba954788358eecc4f4,/p/07355fc5f9f2887914890c3d.html
not started,Informal reviewer,Formal / informal,Informal,Chandra-Furst-Lipton,YaelDillies/chandra-furst-lipton,3.2,"If a tuple of elements forms a forbidden pattern and each element evaluates to 1, then removing the i-th component from each element results in a multidimensional corner for any choice of i.","\uses{def:forbidden-pattern, def:multicorner, def:forget, def:eval} If $(a_1, \dots, a_d)$ is a forbidden pattern such that $\eval(a_i) = 1$ for all $i$, then $$(\forget_i(a_1), \dots, \forget_i(a_d))$$ is a multidimensional corner for all index $i$.",Formal,Physlib.MultiIndex.tail_increment_succ,Physlib.SpaceAndTime.Space.Derivatives.MultiIndex,Physlib/SpaceAndTime/Space/Derivatives/MultiIndex.lean,"When you increment the (i+1)-th component of a multi-index with d+1 components and then remove the first component, it is the same as first removing the first component and then incrementing the i-th component of the remaining d components.","Physlib.MultiIndex.tail_increment_succ {d : ℕ} (I : Physlib.MultiIndex d.succ) (i : Fin d) :
  (I.increment i.succ).tail = I.tail.increment i",Open,,,,,,,,,draft1-fi-119,primary,558b5161275fbcd9a975d90cdc04434d548ae8f88060046492e717a9a322f20f,/p/59af74d32c6568e3602dd127.html
not started,Informal reviewer,Formal / informal,Informal,Brownian motion project,RemyDegenne/brownian-motion,2.1.29,"If T is a linear order where every element has a successor, then the right continuation of the filtration F is the same as F itself.","\uses{def:rightLimitFiltration} \leanok \lean{MeasureTheory.Filtration.rightCont_eq_self} Assume that $T$ is a linear order with successor. This means that for any $t$, there is an element $succ(t) \ge t$ such that for any $u > t$, $u \ge succ(t)$, and if $succ(t) \le t$, then $t$ is maximal. Then the right continuation of $\mathcal{F}$ is equal to $\mathcal{F}$.",Formal,ProbabilityTheory.locally_induction,BrownianMotion.StochasticIntegral.Locally,BrownianMotion/StochasticIntegral/Locally.lean,"If a property p implies another property q for processes stopped at increasing times, and q is preserved under such stopping, then whenever p holds locally for a process with respect to a right-continuous filtration and a finite measure, q also holds locally for that process. The result applies to processes indexed by a densely ordered, second-countable time set with no maximum element and a bottom element.","ProbabilityTheory.locally_induction.{u_1, u_2, u_3} {ι : Type u_1} {Ω : Type u_2} {E : Type u_3}
  {mΩ : MeasurableSpace Ω} {P : MeasureTheory.Measure Ω} [ConditionallyCompleteLinearOrderBot ι] [TopologicalSpace ι]
  [OrderTopology ι] [NoMaxOrder ι] {𝓕 : MeasureTheory.Filtration ι mΩ} {X : ι → Ω → E} {p q : (ι → Ω → E) → Prop}
  [SecondCountableTopology ι] [DenselyOrdered ι] [Zero E] [MeasureTheory.IsFiniteMeasure P] (h𝓕 : 𝓕.IsRightContinuous)
  (hpq : ∀ (Y : ι → Ω → E), p Y → ProbabilityTheory.Locally q 𝓕 Y P) (hq : ProbabilityTheory.IsStable 𝓕 q)
  (hpX : ProbabilityTheory.Locally p 𝓕 X P) : ProbabilityTheory.Locally q 𝓕 X P",Open,,,,,,,,,draft1-fi-120,primary,b189997aae426878bdb8edc748a02fd2d80b622f1104078efe363de6dd233e0d,/p/1b85697a675494019c07137e.html
not started,Informal reviewer,Formal / informal,Informal,Fermat's Last Theorem for regular primes,leanprover-community/flt-regular,2.3,"The discriminant of a set of elements in a commutative ring K, which is an algebra over another commutative ring A, is the determinant of a matrix whose entries are traces of products of the elements; this matrix is formed by applying the trace map from K to A to each pairwise product of the elements in the set.","Let $A,K$ be commutative rings with $K$ and $A$-algebra. let $B=\{b_1,\dots,b_n\}$ be a set of elements in $K$. The discriminant of $B$ is defined as \[\Delta(B)= \det \left (\begin{matrix} \operatorname{Tr}_{K/A}(b_1b_1) &\cdots& \operatorname{Tr}_{K/A}(b_1b_n)\\ \vdots & & \vdots \\ \operatorname{Tr}_{K/A}(b_nb_1) &\cdots& \operatorname{Tr}_{K/A}(b_nb_n) \end{matrix} \right ).\]",Formal,SpherePacking.Dim24.Uniqueness.RigidityClassify.discPair_mk_mk,SpherePacking.Dim24.Uniqueness.Rigidity.Classify.DiscriminantPairing,SpherePacking/Dim24/Uniqueness/Rigidity/Classify/DiscriminantPairing.lean,"The theorem states that the discriminant pairing of a 24-dimensional lattice, when applied to cosets represented by elements from the dual lattice, gives the same result as the raw pairing on those representative elements. In other words, computing the pairing modulo the lattice is consistent with first taking the inner product of dual lattice vectors and then reducing modulo 1. This ensures the discriminant pairing is well-defined and respects the quotient structure.","SpherePacking.Dim24.Uniqueness.RigidityClassify.discPair_mk_mk (L : Submodule ℤ (EuclideanSpace ℝ (Fin 24)))
  (x y : ↥(SpherePacking.Dim24.Uniqueness.RigidityClassify.DualLattice L)) :
  ((SpherePacking.Dim24.Uniqueness.RigidityClassify.discPair L) (Submodule.Quotient.mk x)) (Submodule.Quotient.mk y) =
    ((SpherePacking.Dim24.Uniqueness.RigidityClassify.dualLatticePair L) x) y",Open,,,,,,,,,draft1-fi-121,primary,89290021439ead8d900812f13500981425431d231a81e7e3e3aff5f50ae82c65,/p/db7b3860e77e659512dffea5.html
not started,Informal reviewer,Formal / informal,Informal,Chandra-Furst-Lipton,YaelDillies/chandra-furst-lipton,2.2,"The NOF broadcast on input x is a sequence of bits built step by step, where at each step a player uses their strategy function to output a bit based on the input they see and the history of prior outputs, and this bit is added to the front of the sequence. The player at each step is determined by the time index modulo d. The sequence starts empty and grows by one bit at each time step. The function defines how the broadcast evolves over time for any given input.","\uses{def:protocol, def:forget} Given a NOF protocol $P$, the {\bf NOF broadcast on input $x : G^d$} is inductively defined by \begin{align} \broad(x) : \mathbb{N} & \to \leanList \Bool \\ 0 & \mapsto [] \\ t + 1 & \mapsto \strat_{t \% d}(\forget_{t \% d}(x), \broad(x, t)) :: \broad(x, t) \end{align}",Formal,NOF.funComplexity,ChandraFurstLipton.NOFModel,ChandraFurstLipton/NOFModel.lean,"The function NOF.funComplexity takes a function F that maps from sequences of group elements (indexed by integers modulo d) to a Boolean value, and returns the minimum number of bits needed for a non-interactive protocol to compute F correctly for all inputs, or infinity if it cannot be done with finitely many bits. This minimum is computed as the greatest lower bound of the complexities of all possible protocols that compute F. The result is an extended natural number (a natural number or infinity).",NOF.funComplexity.{u_2} {G : Type u_2} {d : ℕ} (F : (ZMod d → G) → Bool) : ℕ∞,Open,,,,,,,,,draft1-fi-122,primary,93e7bf92ccbb999c16e59a8b99ff18b54b99616cfaf871c64e657fc3758be3e1,/p/ad58fea06f99730f1eb9685f.html
not started,Informal reviewer,Formal / informal,Informal,Fermat's Last Theorem for regular primes,leanprover-community/flt-regular,2.2,The trace of an element alpha in a number field K over the rational numbers is equal to the sum of the images of alpha under all embeddings of K into the complex numbers.,"Let $K$ be a number field, $\alpha \in K$ and let $\sigma_i$ be the embeddings of $K$ into $\mathbb{C}$. Then \[\operatorname{Tr}_{K/\mathbb{Q}}(\alpha) =\sum_i \sigma_i(\alpha). \]",Formal,NumberField.ComplexEmbedding.not_isReal_of_not_isReal,FLT.NumberField.InfinitePlace.Extension,FLT/NumberField/InfinitePlace/Extension.lean,"If a complex embedding of a number field K into the complex numbers is not real, and it extends to a larger number field L, then the extended embedding of L is also not real.","NumberField.ComplexEmbedding.not_isReal_of_not_isReal.{u_1, u_2} {K : Type u_1} {L : Type u_2} [Field K] [Field L]
  [Algebra K L] {f : K →+* ℂ} {g : L →+* ℂ} (h : NumberField.ComplexEmbedding.IsExtension f g)
  (hf : ¬NumberField.ComplexEmbedding.IsReal f) : ¬NumberField.ComplexEmbedding.IsReal g",Open,,,,,,,,,draft1-fi-123,primary,0f039533d0a0215ed72af41804994d698e3adfc765d6f339ee19cf2242a0eea2,/p/9039576173d0909a384282d0.html
not started,Informal reviewer,Formal / informal,Informal,Fermat's Last Theorem for regular primes,leanprover-community/flt-regular,2.6,The discriminant of a basis for a number field equals the square of the determinant of the matrix formed by applying each complex embedding to each basis element.,"Let $K$ be a number field with basis $B=\{b_1,\dots,b_n\}$ and let $\sigma_1,\dots,\sigma_n$ be the embeddings of $K$ into $\mathbb{C}$. Now let $M$ be the matrix \[\left (\begin{matrix} \sigma_1(b_1) &\cdots& \sigma_1(b_n)\\ \vdots & & \vdots \\ \sigma_n(b_1) &\cdots& \sigma_n(b_n) \end{matrix} \right ).\] Then \[\Delta(B)=\det(M)^2.\]",Formal,Lorentz.SL2C.toSelfAdjointMap_apply_pauliBasis'_inl,Physlib.Relativity.SL2C.Basic,Physlib/Relativity/SL2C/Basic.lean,"When a 2x2 complex matrix M with determinant 1 acts on a specific Pauli basis matrix (the first one), the result is a linear combination of Pauli basis matrices, where the coefficients are computed from the real and imaginary parts of M's entries and their magnitudes squared.","Lorentz.SL2C.toSelfAdjointMap_apply_pauliBasis'_inl (M : Matrix.SpecialLinearGroup (Fin 2) ℂ) :
  (Lorentz.SL2C.toSelfAdjointMap M) (PauliMatrix.pauliBasis' (Sum.inl 0)) =
    ((‖↑M 0 0‖ ^ 2 + ‖↑M 0 1‖ ^ 2 + ‖↑M 1 0‖ ^ 2 + ‖↑M 1 1‖ ^ 2) / 2) • PauliMatrix.pauliBasis' (Sum.inl 0) +
          -((↑M 0 1).re * (↑M 1 1).re + (↑M 0 1).im * (↑M 1 1).im + (↑M 0 0).im * (↑M 1 0).im +
                (↑M 0 0).re * (↑M 1 0).re) •
            PauliMatrix.pauliBasis' (Sum.inr 0) +
        (-(↑M 0 0).re * (↑M 1 0).im + (↑M 1 0).re * (↑M 0 0).im - (↑M 0 1).re * (↑M 1 1).im +
            (↑M 0 1).im * (↑M 1 1).re) •
          PauliMatrix.pauliBasis' (Sum.inr 1) +
      ((-‖↑M 0 0‖ ^ 2 - ‖↑M 0 1‖ ^ 2 + ‖↑M 1 0‖ ^ 2 + ‖↑M 1 1‖ ^ 2) / 2) • PauliMatrix.pauliBasis' (Sum.inr 2)",Open,,,,,,,,,draft1-fi-124,primary,92558d448da48a8ea169f57d03135e704be0aa5cdfda0d3b217a97ad3a2cc42b,/p/ebf9cb64a9607bad54a8aa2f.html
not started,Informal reviewer,Formal / informal,Informal,Toric varieties,YaelDillies/toric,2.2.1,"Multivariate Laurent polynomials with coefficients in an integral domain also form an integral domain. This means that if neither of two such polynomials is zero, their product is not zero. The set has no zero divisors.",\uses{} Multivariate Laurent polynomials over an integral domain are an integral domain.,Formal,m_ne_zero,FltRegular.CaseII.InductionStep,FltRegular/CaseII/InductionStep.lean,"If zeta is a primitive p-th root of unity in a field K, and y is an algebraic integer in K such that zeta minus 1 does not divide y, then the greatest common divisor of the ideals generated by x and y is not zero, meaning at least one of x or y is non-zero. This result holds under the assumption that p is a non-zero natural number and K is a number field. The gcd of the ideals being non-zero follows from the fact that not both elements can be zero when the divisibility condition fails.","m_ne_zero {K : Type} {p : ℕ} [NeZero p] [Field K] {ζ : K} (hζ : IsPrimitiveRoot ζ p)
  {x y : NumberField.RingOfIntegers K} (hy : ¬↑hζ.unit' - 1 ∣ y) [NumberField K] :
  gcd (Ideal.span {x}) (Ideal.span {y}) ≠ 0",Open,,,,,,,,,draft1-fi-125,primary,3223e2d93bdb415c543645296a3826daac080b4efa2018e1cd3067a8c4750fa6,/p/32b1691fb705b0fb6196beb5.html
not started,Informal reviewer,Formal / informal,Informal,Brownian motion project,RemyDegenne/brownian-motion,2.1.31,"If T is a linear order and there is some u greater than t such that the open interval (t, u) is empty, then the right-limit sigma-algebra at t equals the sigma-algebra at t.","\uses{def:rightLimitFiltration} \leanok \lean{MeasureTheory.Filtration.rightCont_eq_of_exists_gt} If $T$ is a linear order and there exists $u > t$ such that $(t, u) = \emptyset$, then $\mathcal{F}_{t+} = \mathcal{F}_t$.",Formal,UpperBnd_aux5,PrimeNumberTheoremAnd.ZetaBounds,PrimeNumberTheoremAnd/ZetaBounds.lean,"If the absolute value of t is greater than 3 and σ is at most 2, then the expression (|t| divided by the floor of |t|) raised to the power σ is at most 4.",UpperBnd_aux5 {σ t : ℝ} (t_ge : 3 < |t|) (σ_le : σ ≤ 2) : (|t| / ↑⌊|t|⌋₊) ^ σ ≤ 4,Open,,,,,,,,,draft1-fi-126,primary,73f7225e31e58788ac9a6c46863201a9e64e192670d81aad9849971e0b9a6faf,/p/7b35209ec78199861dbcb90a.html
not started,Informal reviewer,Formal / informal,Informal,Toric varieties,YaelDillies/toric,1.1.1,"If there is an adjunction between two functors F and G, and X is an object in the domain of F, then there is also an adjunction between the slice functors induced by F and G over X and F(X). This new adjunction operates between the slice categories C over X and D over F(X).","\uses{} If $a : F \vdash G$ is an adjunction between $F : C \to D$ and $G : D \to C$ and $X : C$, then there is an adjunction between $F / X : C / X \to D / F(X)$ and $G / X : D / F(X) \to C / X$.",Formal,HasAdjoint.snd,Physlib.Mathematics.InnerProductSpace.Adjoint,Physlib/Mathematics/InnerProductSpace/Adjoint.lean,"If a function into a product space has an adjoint, then the second component of that function also has an adjoint, specifically given by applying the original adjoint to a pair where the first component is zero.","HasAdjoint.snd.{u_1, u_2, u_3, u_4} {𝕜 : Type u_1} {E : Type u_2} {F : Type u_3} {G : Type u_4} [RCLike 𝕜]
  [NormedAddCommGroup E] [NormedSpace 𝕜 E] [InnerProductSpace' 𝕜 E] [NormedAddCommGroup F] [NormedSpace 𝕜 F]
  [InnerProductSpace' 𝕜 F] [NormedAddCommGroup G] [NormedSpace 𝕜 G] [InnerProductSpace' 𝕜 G] {f : E → F × G}
  {f' : F × G → E} (hf : HasAdjoint 𝕜 f f') : HasAdjoint 𝕜 (fun x => (f x).2) fun z => f' (0, z)",Open,,,,,,,,,draft1-fi-127,primary,d4aa867c508db52839ebc408f19ffc037747fe6d03ca6bf70d2606a7f1b41b35,/p/1eeeca5b4cab5d7a9e40c323.html
not started,Informal reviewer,Formal / informal,Informal,Brownian motion project,RemyDegenne/brownian-motion,2.1.30,"If t is a maximal element in the index set T, then the right-limit sigma-algebra at t is equal to the sigma-algebra at t.","\uses{def:rightLimitFiltration} \leanok \lean{MeasureTheory.Filtration.rightCont_eq_of_isMax} If $t \in T$ is maximal, $\mathcal{F}_{t+} = \mathcal{F}_t$.",Formal,MeasureTheory.ProgMeasurableSet.measurableSet_prod,BrownianMotion.Debut.Basic,BrownianMotion/Debut/Basic.lean,"If a set E in the product space of time and outcomes is progressively measurable with respect to a filtration, then for any fixed time t, the set of all outcomes such that the pair (time, outcome) belongs to E up to time t is measurable in the corresponding filtered sigma-algebra.","MeasureTheory.ProgMeasurableSet.measurableSet_prod.{u_1, u_2} {Ω : Type u_1} {ι : Type u_2} {mΩ : MeasurableSpace Ω}
  [Preorder ι] [MeasurableSpace ι] {E : Set (ι × Ω)} {𝓕 : MeasureTheory.Filtration ι mΩ}
  (hE : MeasureTheory.ProgMeasurableSet E 𝓕) (t : ι) : MeasurableSet {p | (↑p.1, p.2) ∈ E}",Open,,,,,,,,,draft1-fi-128,primary,a351bdf069c8354a5a69e2ff3baf5cfd184d3f5d38c0aee20be09db9095ed065,/p/9ba7c7c38cf8f882d58941ac.html
not started,Informal reviewer,Formal / informal,Informal,Fermat's Last Theorem for regular primes,leanprover-community/flt-regular,2.4,"If L over K is a field extension with a finite basis B, then the discriminant of B is not zero. This means the basis elements are linearly independent in a strong sense, detected by the trace form. The nonzero discriminant ensures the associated matrix of traces is invertible.","Let $L/K$ be an extension of fields and let $B=\{b_1,\dots,b_n\}$ be a $K$-basis of $L$. Then $\Delta(B) \neq 0$.",Formal,LinearEquiv.det_toLinearEquiv,FLT.Mathlib.LinearAlgebra.Determinant,FLT/Mathlib/LinearAlgebra/Determinant.lean,"Given a basis of a finite-dimensional vector space over a commutative ring, and a square matrix with entries in that ring whose determinant is a unit (invertible element), the determinant of the linear equivalence induced by the matrix is equal to that unit.","LinearEquiv.det_toLinearEquiv.{u_3, u_4, u_5} {F : Type u_3} [CommRing F] {ι : Type u_4} [Fintype ι] [DecidableEq ι]
  {V : Type u_5} [AddCommGroup V] [Module F V] (b : Module.Basis ι F V) {M : Matrix ι ι F} (h : IsUnit M.det) :
  LinearEquiv.det (Matrix.toLinearEquiv b M h) = h.unit",Open,,,,,,,,,draft1-fi-129,primary,4b5d8ff3da28be66ebed033ce22eaed0aa62a0a54cb639199508d145f6ae73be,/p/4cd0779da192465811418deb.html
not started,Informal reviewer,Formal / informal,Informal,Fermat's Last Theorem,ImperialCollegeLondon/FLT,11.10,Let T be the set of elements that are in both Y and the nonzero elements of D.,Let $T:=Y\cap D^\times$.,Formal,SpherePacking.Dim24.Uniqueness.BS81.CodingTheory.SteinerSystem.mem_mSubsetsContaining,SpherePacking.Dim24.Uniqueness.BS81.CodingTheory.SteinerParams,SpherePacking/Dim24/Uniqueness/BS81/CodingTheory/SteinerParams.lean,A set U is one of the m-element subsets containing a fixed subset T if and only if U has exactly m elements and T is contained in U.,"SpherePacking.Dim24.Uniqueness.BS81.CodingTheory.SteinerSystem.mem_mSubsetsContaining {v m : ℕ} {T U : Finset (Fin v)} :
  U ∈ SpherePacking.Dim24.Uniqueness.BS81.CodingTheory.SteinerSystem.mSubsetsContaining T m ↔ U.card = m ∧ T ⊆ U",Open,,,,,,,,,draft1-fi-130,primary,d658fa0d15542887a7181c9e7afacf1701fc5af5c5d7fac2c667ceccc9febf70,/p/db39c7fafca4d79f50fe8912.html
not started,Informal reviewer,Formal / informal,Informal,The Polynomial Freiman-Ruzsa Conjecture,teorth/pfr,12.22,Set eta equal to one divided by thirty two times m cubed.,We set $\eta := \frac{1}{32m^3}$.,Formal,defaultτ,Carleson.Defs,Carleson/Defs.lean,"defaultτ takes a natural number a and returns the reciprocal of the real number corresponding to a, using the standard embedding of natural numbers into the reals.",defaultτ (a : ℕ) : ℝ,Open,,,,,,,,,draft1-fi-131,primary,725a96b4f373ebfd4c5c48249e24330696ff6e4111ec3602af58ebd11b945328,/p/bc64216c19a4cf466b91d596.html
not started,Informal reviewer,Formal / informal,Informal,The Polynomial Freiman-Ruzsa Conjecture,teorth/pfr,6.20,"The sum of U, V, and W equals zero.",We have $U+V+W=0$.,Formal,NotCollinear.swap,MiscYD.Book.SylvesterChvatal,MiscYD/Book/SylvesterChvatal.lean,"If three points u, v, w are not collinear, then swapping their order—so w, v, u—still results in three non-collinear points.",NotCollinear.swap.{u_1} {V : Type u_1} [MetricSpace V] {u v w : V} (h : NotCollinear u v w) : NotCollinear w v u,Open,,,,,,,,,draft1-fi-132,primary,0d330fbf53ec086762923ff0080ecb75decd5d1be9fd166003d775b3a364132e,/p/4527b9da0533d4d0213e0779.html
not started,Informal reviewer,Formal / informal,Informal,The Polynomial Freiman-Ruzsa Conjecture,teorth/pfr,1.3,"If the equality condition is met in the log sum inequality, then each a sub s is equal to a constant r times b sub s for all s in the set S, where r is a real number.","If equality holds in \Cref{log-sum}, then $a_s=r\cdot b_s$ for every $s\in S$, for some constant $r\in \mathbb{R}$.",Formal,FKS2.ratio_eq_g,PrimeNumberTheoremAnd.FKS2,PrimeNumberTheoremAnd/FKS2.lean,"The ratio of the natural logarithm of x to the product of x and an admissible bound function is equal to a constant expression involving powers and the function g_bound, given that A is nonzero, R and x are positive, and the logarithm of x is positive.","FKS2.ratio_eq_g {A B C R x : ℝ} (hA : A ≠ 0) (hR : R > 0) (hx : x > 0) (hlogx : Real.log x > 0) :
  Real.log x / (x * admissible_bound A B C R x) = R ^ B / A * FKS2.g_bound 1 (1 - B) (C / √R) x",Open,,,,,,,,,draft1-fi-133,primary,ac5d4e81fe6b234c8d72534ffe912b9c42d26a2bf1078554aaae571d5341440a,/p/956d46676c05d82fcb9e50d0.html
not started,Informal reviewer,Formal / informal,Informal,Brownian motion project,RemyDegenne/brownian-motion,2.1.32,"If T is a topological space with the order topology and a point t in T has no immediate successor, meaning there are always points greater than t arbitrarily close to it, then the right-limit sigma-algebra at t equals the intersection of all sigma-algebras indexed by points greater than t.","\uses{def:rightLimitFiltration} \leanok \lean{MeasureTheory.Filtration.rightCont_eq_of_neBot_nhdsGT} Suppose $T$ is a topological space with the topology being the order topology. Assume that $t \in T$ is not isolated on the right, meaning that for all neighbourhood $\mathcal{V}$ of $t$, $\mathcal{V} \cap \{u | u > t\} \ne \emptyset$. Then $\mathcal{F}_{t+} = \mathop{\Large\sqcap}_{u > t} \mathcal{F}_u$.",Formal,MeasureTheory.MonotoneClass.generateFrom_eq,BrownianMotion.Auxiliary.SetAlgebra,BrownianMotion/Auxiliary/SetAlgebra.lean,"If a collection of sets is a set algebra, then the smallest monotone class containing it is the same as the sigma-algebra it generates. This means that closing the collection under increasing and decreasing limits gives the same result as closing it under countable unions, intersections, and complements. The two ways of completing the set system lead to identical collections of sets.","MeasureTheory.MonotoneClass.generateFrom_eq.{u_1} {α : Type u_1} {s : Set (Set α)} (hs : MeasureTheory.IsSetAlgebra s) :
  MeasurableSpace.MeasurableSet' (MeasurableSpace.generateFrom s) = (MeasureTheory.MonotoneClass.generate s).Has",Open,,,,,,,,,draft1-fi-134,primary,14881c3758b5610d838e8e18a03127016502ae58b1a6729fa9f6a8b1f0a5c086,/p/0c0a0497e42e9023a103f986.html
not started,Informal reviewer,Formal / informal,Informal,Toric varieties,YaelDillies/toric,3.1.5,The dual cone of a polyhedral cone consists of all vectors in the dual space that have a non-negative dot product with every vector in the original cone.,"\uses{1-2-2-convex-hull} Given a polyhedral cone $\sigma \subseteq N$, its {\bf dual cone} is defined by $$\sigma^\vee = \{m \in M | \forall u \in \sigma, \langle m, u\rangle \ge 0\}$$.",Formal,Cslib.CLL.PhaseSpace.isFact,Cslib.Logics.LinearLogic.CLL.PhaseSemantics.Basic,Cslib/Logics/LinearLogic/CLL/PhaseSemantics/Basic.lean,"A fact is a set of elements in a phase space that remains unchanged when taking the double orthogonal, meaning it is equal to the set of all elements orthogonal to the elements that are orthogonal to it.",Cslib.CLL.PhaseSpace.isFact.{u_1} {P : Type u_1} [Cslib.CLL.PhaseSpace P] (X : Set P) : Prop,Open,,,,,,,,,draft1-fi-135,primary,94439d93d4c4f57467da84f71412e7859f466fbec323a2631a8beaabf464a477,/p/78019db4154fd9ec4a54e069.html
not started,Informal reviewer,Formal / informal,Informal,Brownian motion project,RemyDegenne/brownian-motion,1.5.38,"For any log-size ball sequence defined for a set J and parameters a, c, n, the sets in the sequence become empty once the index k is at least as large as the size of J.","\uses{def:logSizeBallSequence} \mathlibok \lean{PairReduction.card_finset_logSizeBallSeq_card_eq_zero} For any log-size ball sequence $(V_i, t_i, r_i)_{i \in \mathbb{N}}$ for $(J, a, c, n)$, for all $k \ge \vert J \vert$, $V_k = \emptyset$.",Formal,Cslib.ωSequence.take_zero,Cslib.Foundations.Data.OmegaSequence.Init,Cslib/Foundations/Data/OmegaSequence/Init.lean,Taking zero elements from any infinite sequence produces an empty list.,Cslib.ωSequence.take_zero.{u} {α : Type u} (s : Cslib.ωSequence α) : Cslib.ωSequence.take 0 s = [],Open,,,,,,,,,draft1-fi-136,primary,495defad184c2d225898c37e56fa19d02add82e1313155e8bbc34d07d6252d2b,/p/17f42d747f018e97a7f9edaa.html
not started,Informal reviewer,Formal / informal,Informal,Brownian motion project,RemyDegenne/brownian-motion,2.6.15,"For any non-negative integer n, the value of A at step n+1 equals the value of A at step n plus the expected change in X from step n to n+1, given the information available at step n.","\uses{def:predictablePart} \leanok \lean{MeasureTheory.predictablePart_add_one} For any integer $n \ge 0$, $A_{n+1} = A_n + \mathbb{E}[X_{n+1} - X_n \mid \mathcal{F}_n]$.",Formal,SpherePacking.Dim24.Schwartz.J6Smooth.deriv_G,SpherePacking.Dim24.MagicFunction.B.Defs.J6Derivatives,SpherePacking/Dim24/MagicFunction/B/Defs/J6Derivatives.lean,"For every natural number n and real number x greater than -1, the derivative of the function G(n) at x equals the value of G(n+1) at x. This means differentiating G(n) with respect to x yields the next function in the sequence, G(n+1), within the domain (-1, ∞). The result follows from the relationship between the derivatives of related integral functions and their rescaled definitions.","SpherePacking.Dim24.Schwartz.J6Smooth.deriv_G (n : ℕ) (x : ℝ) (hx : x ∈ SpherePacking.Dim24.Schwartz.J6Smooth.s) :
  deriv (SpherePacking.Dim24.Schwartz.J6Smooth.G n) x = SpherePacking.Dim24.Schwartz.J6Smooth.G (n + 1) x",Open,,,,,,,,,draft1-fi-137,primary,72aa8a8af408f554195983418d506ab0cb0d52a34ec8799b529e98437aa1d256,/p/e0e41b3e2492011e9112f2b3.html
not started,Informal reviewer,Formal / informal,Informal,Fermat's Last Theorem,ImperialCollegeLondon/FLT,10.9,The degree of the composition of two functions phi and psi equals the product of their individual degrees.,$d_A(\phi\circ\psi)=d_A(\phi)d_A(\psi).$,Formal,TensorSpecies.Tensor.PermCond.comp,Physlib.Relativity.Tensors.Basic,Physlib/Relativity/Tensors/Basic.lean,"If two functions each satisfy the PermCond property, meaning they are bijections that make their respective index lists commute, then their composition also satisfies the PermCond property with the combined index lists.","TensorSpecies.Tensor.PermCond.comp {C : Type} {n n1 n2 : ℕ} {c : Fin n → C} {c1 : Fin n1 → C} {c2 : Fin n2 → C}
  {σ : Fin n1 → Fin n} {σ2 : Fin n2 → Fin n1} (h : TensorSpecies.Tensor.PermCond c c1 σ)
  (h2 : TensorSpecies.Tensor.PermCond c1 c2 σ2) : TensorSpecies.Tensor.PermCond c c2 (σ ∘ σ2)",Open,,,,,,,,,draft1-fi-138,primary,fc92774d370c07dd6c72e7faf90dac7a87051ad9036fd25f199d459136eb0234,/p/95f886d87a91759064fd27cf.html
not started,Informal reviewer,Formal / informal,Informal,Fermat's Last Theorem for regular primes,leanprover-community/flt-regular,2.9,"The discriminant of the basis {1, α, α², ..., αⁿ⁻¹} for the number field Q(α) of degree n is equal to (−1) raised to n(n−1)/2 times the norm of the derivative of the minimal polynomial of α evaluated at α.","Let $K=\mathbb{Q}(\alpha)$ be a number field with $n=[K:\mathbb{Q}]$ and let $B=\{1,\alpha,\alpha^2,\dots,\alpha^{n-1}\}$. Then \[\Delta(B)=(-1)^{\frac{n(n-1)}{2}}N_{K/\mathbb{Q}}(m_\alpha'(\alpha))\] where $m_\alpha'$ is the derivative of $m_\alpha(x)$ (which we recall denotes the minimal polynomial of $\alpha$).",Formal,le_fourteen_of_rootDiscrBound,FLT.NumberField.DiscriminantBounds,FLT/NumberField/DiscriminantBounds.lean,"If the n-th root of the absolute discriminant bound for a totally complex number field of degree n is less than 2^(2/3) * 3^(7/8), then n must be at most 14.",le_fourteen_of_rootDiscrBound {n : ℕ} (h : rootDiscrBound n < 2 ^ (2 / 3) * 3 ^ (7 / 8)) : n ≤ 14,Open,,,,,,,,,draft1-fi-139,primary,5726f2fe1b71933b6d76cb9d6d9ca3995b2ff0b3984ff4188022c22b0a32097b,/p/e70ce1478467e479a3ec9494.html
not started,Informal reviewer,Formal / informal,Informal,Chandra-Furst-Lipton,YaelDillies/chandra-furst-lipton,2.1,"A NOF protocol defines two functions, strategy and guess, that take a player index, a tuple of group elements, and a list of previous bits, then output a bit. These functions guide players in a communication game where each sees all inputs except their own. The protocol sets the rules for how players generate and interpret messages during the game. It forms the basis for defining a broadcast sequence that captures the flow of information.",A {\bf NOF protocol} $P$ consists of maps \begin{align} \strat : & [d] \to G^{d - 1} \to \leanList \Bool \to \Bool \\ \guess : & [d] \to G^{d - 1} \to \leanList \Bool \to \Bool \end{align},Formal,NOF.Protocol.length_broadcast,ChandraFurstLipton.NOFModel,ChandraFurstLipton/NOFModel.lean,"The length of the list produced by the broadcast function of a NOF protocol at any time t is exactly t. This means each broadcast step adds one element to the list, starting from zero. The result holds for any input and protocol setup.","NOF.Protocol.length_broadcast.{u_2} {G : Type u_2} {d : ℕ} (P : NOF.Protocol G d) (x : ZMod d → G) (t : ℕ) :
  (P.broadcast x t).length = t",Open,,,,,,,,,draft1-fi-140,primary,32e982a65dc79cde8ac32125a0afe00899846cbe6e8be2495a2aa15332c4e621,/p/377206f1a60e2939d0f8e8be.html
not started,Informal reviewer,Formal / informal,Informal,The sphere eversion project,leanprover-community/sphere-eversion,4.1,"The set of triples (x, y, φ) in the first jet space J^1(E, E) such that φ is injective on the orthogonal complement of x, whenever x is outside the open ball B of radius 9/10, forms an open relation. This openness follows by showing that for x near x0 and φ near φ0, with φ0 injective on x0 perp, φ remains injective on x perp, using continuity of a map involving orthogonal projections and the fact that injective linear maps on a fixed subspace form an open set. The key step is reducing the moving subspace problem to a fixed one via projection. INSUFFICIENT CONTEXT: The summary requires understanding of jet spaces, orthogonal projections, and functional analysis not fully explained in the provided text.",The relation $\mathcal{R}$ above is open.,Formal,continuous_oneJetSnd,SphereEversion.Local.ParametricHPrinciple,SphereEversion/Local/ParametricHPrinciple.lean,"The function that maps a 1-jet on the product space P × E to F by forgetting the P component and keeping only the part on E is continuous. This means small changes in the input 1-jet over P × E result in small changes in the output 1-jet over E. The spaces involved are normed vector spaces, and continuity is with respect to the standard topologies on these spaces.","continuous_oneJetSnd.{u_1, u_2, u_4} {E : Type u_1} [NormedAddCommGroup E] [NormedSpace ℝ E] {F : Type u_2}
  [NormedAddCommGroup F] [NormedSpace ℝ F] {P : Type u_4} [NormedAddCommGroup P] [NormedSpace ℝ P] :
  Continuous oneJetSnd",Open,,,,,,,,,draft1-fi-141,primary,9c4972f45782c118b58046d30e3a7def3ff260e0ecf680b72601bf7af68bffd0,/p/11656fae252c0810498fc9f6.html
not started,Informal reviewer,Formal / informal,Informal,Carleson operators on doubling metric measure spaces,fpvandoorn/carleson,5.2.9,"For each u in U1(k,n,l), the measure of the union of intervals in L(u) is at most D raised to the power of 1 minus kappa times Z times (n+1), multiplied by the measure of I(u).","Let $\mathcal{L}({\mathfrak u})$ be as defined in \eqref{eq-L-def}. We have for each ${\mathfrak u}\in {\mathfrak U}_1(k,n,l)$, \begin{equation} \mu(\bigcup_{I\in \mathcal{L}({\mathfrak u})} I) \le D^{1-\kappa Z(n+1)} \mu({\mathcal{I}}(\mathfrak{u})). \end{equation}",Formal,const_n_prop_2,Carleson.TileExistence,Carleson/TileExistence.lean,"For a given natural number a and a real number t between 0 and 1, the value of t multiplied by D raised to the power k is less than or equal to D raised to the power k minus const_n times const_K, where D, const_n, and const_K are positive constants depending on a and t.","const_n_prop_2.{u_1} (X : Type u_1) {a : ℕ} {q : ℝ} {K : X → X → ℂ} {σ₁ σ₂ : X → ℤ} {F G : Set X} [PseudoMetricSpace X]
  [ProofData a q K σ₁ σ₂ F G] {t : ℝ} (ht : t ∈ Set.Ioo 0 1) (k : ℤ) :
  t * ↑(defaultD a) ^ k ≤ ↑(defaultD a) ^ (k - ↑(const_n a ht) * ↑const_K)",Open,,,,,,,,,draft1-fi-142,primary,f8dcaa064928a7c03dcdf97f96e1e1e0adcf6eb44f264ea68f1592e36789abe3,/p/61b97fde61fcb8a81d3f122e.html
not started,Informal reviewer,Formal / informal,Informal,Fermat's Last Theorem,ImperialCollegeLondon/FLT,5.37,Every element in the set D-hat can be expressed as a fraction where the numerator is in O-hat and the denominator is a positive integer.,Every element of $\widehat{D}$ can be written as $z/N$ with $z\in\widehat{\calO}$ and $N\in\mathbb{N}^+$.,Formal,BrunTitchmarsh.Ioc_filter_dvd_eq,PrimeNumberTheoremAnd.BrunTitchmarsh,PrimeNumberTheoremAnd/BrunTitchmarsh.lean,"The set of natural numbers strictly between a and b that are divisible by d is equal to the set obtained by multiplying each number in the interval from a/d to b/d (excluding a/d, including b/d) by d.","BrunTitchmarsh.Ioc_filter_dvd_eq (d a b : ℕ) (hd : d ≠ 0) :
  {x ∈ Finset.Ioc a b | d ∣ x} = Finset.image (fun x => x * d) (Finset.Ioc (a / d) (b / d))",Open,,,,,,,,,draft1-fi-143,primary,58c3cf9c4888bbf7e1602364e6119c2dc4eb85bb3ec35f715d265f957a34c380,/p/5e0b3a166ceccb3f225001d3.html
not started,Informal reviewer,Formal / informal,Informal,Carleson operators on doubling metric measure spaces,fpvandoorn/carleson,4.2.2,"For each interval I and any two elements p1, p2 in the set P(I), if the frequency regions Omega1(p1) and Omega1(p2) have any overlap, then p1 and p2 must be the same element. The construction of the Omega1 sets ensures they are built to be non overlapping through an iterative process that removes previously defined regions. As a result, the frequency regions associated with distinct elements of P(I) are pairwise disjoint.","For each $I \in \mathcal{D}$, and ${\mathfrak p}_1, {\mathfrak p}_2\in {\mathfrak P}(I)$, if $$\Omega_1({\mathfrak p}_1)\cap \Omega_1({\mathfrak p}_2)\neq \emptyset,$$ then ${\mathfrak p}_1={\mathfrak p}_2$.",Formal,TileStructure.Forest.disjoint_of_ne_of_mem,Carleson.ForestOperator.Forests,Carleson/ForestOperator/Forests.lean,"If two tiles u and u' are different and belong to any rows of a forest structure, and p and p' are any sub-tiles within them respectively, then the sets E p and E p' do not overlap.","TileStructure.Forest.disjoint_of_ne_of_mem.{u_1} {X : Type u_1} {a : ℕ} {q : ℝ} {K : X → X → ℂ} {σ₁ σ₂ : X → ℤ}
  {F G : Set X} [MetricSpace X] [ProofData a q K σ₁ σ₂ F G]
  [TileStructure Q (defaultD a) (defaultκ a) (defaultS X) (cancelPt X)] {n : ℕ} {t : TileStructure.Forest X n} {i j : ℕ}
  {u u' : 𝔓 X} (hne : u ≠ u') (hu : u ∈ t.rowDecomp i) (hu' : u' ∈ t.rowDecomp j) {p p' : 𝔓 X}
  (hp : p ∈ (fun x => t.𝔗 x) u) (hp' : p' ∈ (fun x => t.𝔗 x) u') : Disjoint (E p) (E p')",Open,,,,,,,,,draft1-fi-144,primary,fab20d81cb1f5c5c860b2c8e5cd8538cf7f5f9e2f81acd5cc752b29cc00d3e42,/p/8afea29e56615ef7acd702ea.html
not started,Informal reviewer,Formal / informal,Informal,Brauer Group,Whysoserioushah/BrauerGroup_new,1.1.2,"If a ring is simple, then its center is a field.","Let $A$ be a simple ring, then centre of $A$ is a field.",Formal,Subfield.toSubring_eq_top,CombinatorialGames.Nimber.SimplestExtension.Closure,CombinatorialGames/Nimber/SimplestExtension/Closure.lean,A subfield of a field is the entire field if and only if its corresponding subring is the whole ring; this means a subset that is a field under the same operations equals the full field exactly when it contains every element. The result links the structure of subfields and subrings by showing they reach the top (the whole field or ring) under the same condition.,Subfield.toSubring_eq_top.{u_1} {R : Type u_1} [Field R] {H : Subfield R} : H.toSubring = ⊤ ↔ H = ⊤,Open,,,,,,,,,draft1-fi-145,primary,1b3cb71966ced36d2a0584f50d21c66470235cb43b91676dc61c3e3abbd9852e,/p/b32b751b5287460dcbc5dc7e.html
not started,Informal reviewer,Formal / informal,Informal,The sphere eversion project,leanprover-community/sphere-eversion,4.2,"The relation R is ample because, for any element in R and any dual pair, the set of vectors that maintain injectivity under a certain update map forms an ample set, which holds either because the set is the entire space or its complement is a low-dimensional subspace. This relies on the fact that the update map remains injective precisely when the added vector avoids a specific hyperplane image. INSUFFICIENT CONTEXT: The summary requires assumptions about the meaning of ""ample,"" ""dual pair,"" and the update map Upsilon that are not fully explained in isolation.",The relation $\mathcal{R}$ above is ample.,Formal,RelMfld.Ample.relativize,SphereEversion.Global.ParametricityForFree,SphereEversion/Global/ParametricityForFree.lean,"If a differential relation R is ample, then its relativization to a product with a parameter manifold P is also ample. This means that adding parameters to the situation preserves the ampleness condition needed for solving partial differential relations. Ampleness of the original relation ensures flexibility that carries over when extending to families of problems over P.","RelMfld.Ample.relativize.{u_1, u_2, u_3, u_4, u_5, u_6, u_7, u_8, u_9} {E : Type u_1} [NormedAddCommGroup E]
  [NormedSpace ℝ E] {H : Type u_2} [TopologicalSpace H] {I : ModelWithCorners ℝ E H} {M : Type u_3} [TopologicalSpace M]
  [ChartedSpace H M] {E' : Type u_4} [NormedAddCommGroup E'] [NormedSpace ℝ E'] {H' : Type u_5} [TopologicalSpace H']
  {I' : ModelWithCorners ℝ E' H'} {M' : Type u_6} [TopologicalSpace M'] [ChartedSpace H' M'] {EP : Type u_7}
  [NormedAddCommGroup EP] [NormedSpace ℝ EP] {HP : Type u_8} [TopologicalSpace HP] (IP : ModelWithCorners ℝ EP HP)
  (P : Type u_9) [TopologicalSpace P] [ChartedSpace HP P] {R : RelMfld I M I' M'} (hR : R.Ample) :
  (RelMfld.relativize IP P R).Ample",Open,,,,,,,,,draft1-fi-146,primary,40ae9ed44ffa84d905939df076ede014de265b91b19c2c4a61da10d34934a018,/p/b0208d9170558454fd313571.html
not started,Informal reviewer,Formal / informal,Informal,Toric varieties,YaelDillies/toric,1.1.3,"If F is a full functor between cartesian-monoidal categories, then the sliced functor F over X has the same essential image as F.","\uses{} If $F : C \to D$ is a full functor between cartesian-monoidal categories, then $F / X : C / X \hom D / F(X)$ has the same essential image as $F$.",Formal,CategoryTheory.ShortComplex.ShortExact.map_of_natIso,ClassFieldTheory.Mathlib.Algebra.Homology.ShortComplex.ShortExact,ClassFieldTheory/Mathlib/Algebra/Homology/ShortComplex/ShortExact.lean,"If two functors F and G are naturally isomorphic and both preserve zero morphisms, then applying F to a short complex S produces an exact sequence whenever applying G to S does.","CategoryTheory.ShortComplex.ShortExact.map_of_natIso.{u_1, u_2, u_3, u_4} {C : Type u_1} {D : Type u_2}
  [CategoryTheory.Category.{u_3, u_1} C] [CategoryTheory.Category.{u_4, u_2} D]
  [CategoryTheory.Limits.HasZeroMorphisms C] [CategoryTheory.Limits.HasZeroMorphisms D]
  {F G : CategoryTheory.Functor C D} [F.PreservesZeroMorphisms] [G.PreservesZeroMorphisms]
  (S : CategoryTheory.ShortComplex C) (hIso : F ≅ G) : (S.map F).ShortExact → (S.map G).ShortExact",Open,,,,,,,,,draft1-fi-147,primary,c15d5848bd6d948f7ddd6637b26713da8b20c59bbda60ca187fea815228bbb1c,/p/d401912b9fb7447d14582b50.html
not started,Informal reviewer,Formal / informal,Informal,The sphere eversion project,leanprover-community/sphere-eversion,1.8,"For any point c inside a convex set C and any scaling factor t greater than 1, the scaled version of C expanded outward from c contains the original set C entirely within its interior.","Given a point $c$ of $E$ and a real number $t$, let: \[ h^c_t \!: E \to E \] be the homothety which dilates about $c$ by a scale of $t$. Suppose $c$ belongs to the interior of a convex subset $C$ of $E$ and $t > 1$, then \[ C \subseteq \Int(h^c_t(C)) \]",Formal,MeasureTheory.distribution_smul_left,Carleson.ToMathlib.WeakType,Carleson/ToMathlib/WeakType.lean,Scaling a function by a nonzero constant c affects its distribution function by adjusting the threshold: the measure of where the scaled function exceeds a value t is the same as the measure of where the original function exceeds t divided by the size of c.,"MeasureTheory.distribution_smul_left.{u_1, u_13} {α : Type u_1} {m : MeasurableSpace α} {μ : MeasureTheory.Measure α}
  {t : ENNReal} {ε' : Type u_13} [TopologicalSpace ε'] [ENormedSpace ε'] {f : α → ε'} {c : NNReal} (hc : c ≠ 0) :
  MeasureTheory.distribution (c • f) t μ = MeasureTheory.distribution f (t / ‖c‖ₑ) μ",Open,,,,,,,,,draft1-fi-148,primary,e940e07ccb96ff06018343c1ab738e4180581eb1d3126345c56927a6ea8f1a72,/p/71baf3dfd2e8fff43ac87ae5.html
not started,Informal reviewer,Formal / informal,Informal,Fermat's Last Theorem,ImperialCollegeLondon/FLT,10.10,"The value delta of u in ring R, written delta sub R of u, is defined as d sub R of the left multiplication map by u. When the ring R is understood, it is simply written as delta of u. This measures a property of the operation of multiplying elements of the ring on the left by u.",We define $\delta_R(u)$ (or just $\delta(u)$ when the ring $R$ is clear) to be $d_R(\ell_u)$.,Formal,Rep.leftRegular.ε_comp_ρ,ClassFieldTheory.Mathlib.RepresentationTheory.Rep,ClassFieldTheory/Mathlib/RepresentationTheory/Rep.lean,"The composition of the augmentation map of the left regular representation with the action of any group element is the same as the augmentation map alone, meaning the augmentation map is invariant under the group action. This shows that applying the group element before the map does not change the result. The statement holds for any ring R and monoid G.","Rep.leftRegular.ε_comp_ρ.{u} {R G : Type u} [Ring R] [Monoid G] (g : G) :
  (Rep.Hom.hom (Rep.leftRegular.ε R G)).toLinearMap ∘ₗ (Rep.leftRegular R G).ρ g =
    (Rep.Hom.hom (Rep.leftRegular.ε R G)).toLinearMap",Open,,,,,,,,,draft1-fi-149,primary,5e42ab91624f68cde3ba068674734603b41eea1b56f450851fe1764ea7586569,/p/210c0e4ce5c7210ecdb7cbb0.html
not started,Informal reviewer,Formal / informal,Informal,Toric varieties,YaelDillies/toric,5.3.1,"A lattice ideal is an ideal in a ring built from a monoid, generated by differences of monomials whose exponent vectors differ by an element of a given sublattice.","\uses{} Let $R$ be a ring. Let $G$ be a free abelian group and $M$ an affine monoid whose Grothendieck group is $G$. Let $L \le G$ be a sublattice. The \emph{lattice ideal} of $L$ is the $R$-ideal of $R[M]$ defined by \[ I_L := \langle X^\alpha - X^\beta | \alpha, \beta \in M, \alpha - \beta \in L\rangle. \]",Formal,SpherePacking.Dim24.Uniqueness.RigidityClassify.IsZLatticeOfUnimodular.instIsZLattice_latticeInSpanR,SpherePacking.Dim24.Uniqueness.Rigidity.Classify.Niemeier.LatticeInSpan,SpherePacking/Dim24/Uniqueness/Rigidity/Classify/Niemeier/LatticeInSpan.lean,"If L is a discrete subgroup of 24-dimensional real space, then the set of integer combinations of vectors in L, when viewed within the real vector space they span, forms a Z-lattice. This means it is a well-behaved grid-like structure closed under integer linear combinations and discrete in topology. The result confirms that this construction satisfies the formal conditions of being a Z-lattice.","SpherePacking.Dim24.Uniqueness.RigidityClassify.IsZLatticeOfUnimodular.instIsZLattice_latticeInSpanR
  (L : Submodule ℤ (EuclideanSpace ℝ (Fin 24))) [DiscreteTopology ↥L] :
  IsZLattice ℝ (SpherePacking.Dim24.Uniqueness.RigidityClassify.IsZLatticeOfUnimodular.latticeInSpanR L)",Open,,,,,,,,,draft1-fi-150,primary,73817465f67869ec5b9880dbd297ba4afc81074aa98e714f05b1e1d7e25cd478,/p/c0c959cbd1e2b245a0baa35e.html